,reserve,num_bids,num_com,milage,private_seller,num_highlights,num_equipment,num_modifications,num_known_flaws,num_service_history,num_other_items,num_owner_history,num_seller_notes,num_videos,sold,sentiment_score,year,make_model,title_status,end_bid,num_views,num_photos,make_BMW,model_M3,ecolor_beige,ecolor_black,ecolor_blue,ecolor_brown,ecolor_gray,ecolor_green,ecolor_orange,ecolor_purple,ecolor_red,ecolor_silver,ecolor_white,ecolor_yellow,icolor_beige,icolor_black,icolor_brown,icolor_gray,icolor_green,icolor_orange,icolor_red,icolor_silver,num_bidders
0,1,11,9,3700,1,5,18,2,0,0,4,1,0,3.0,0,0.75,2021,BMW M3,1,69250,9971,80,1,1,1,0,0,0,0,0,0,0,0,0,0,0,0,1,0,0,0,0,0,0,9
1,0,27,39,128500,1,6,12,2,13,0,3,1,0,3.0,1,0.088235294117647,1998,BMW M3,1,18500,13137,100,1,1,0,0,0,0,1,0,0,0,0,0,0,0,0,1,0,0,0,0,0,0,13
2,0,26,56,121600,1,6,14,2,14,3,3,1,0,4.0,1,0.1590909090909091,1997,BMW M3,1,20750,12898,100,1,1,0,0,0,0,0,0,1,0,0,0,0,0,0,0,0,0,0,0,1,0,8
3,1,14,15,102100,0,5,10,2,7,2,2,1,0,2.0,0,-0.25,2008,BMW M3,1,21499,8843,177,1,1,0,1,0,0,0,0,0,0,0,0,0,0,0,0,0,0,0,0,1,0,10
4,1,19,14,100200,0,5,10,0,5,13,4,1,0,2.0,1,0.9,2004,BMW M3,1,25500,9957,162,1,1,0,0,1,0,0,0,0,0,0,0,0,0,0,0,0,1,0,0,0,0,8
5,1,27,84,56000,0,7,19,13,3,5,5,1,0,2.0,1,0.3924050632911392,2011,BMW M3,1,43000,19679,131,1,1,0,0,0,0,1,0,0,0,0,0,0,0,0,1,0,0,0,0,0,0,12
6,0,25,54,155700,1,6,8,13,15,1,2,1,0,1.0,1,0.5681818181818182,1999,BMW M3,1,20000,16832,112,1,1,0,0,0,0,0,0,0,1,0,0,0,0,0,0,0,1,0,0,0,0,13
7,1,18,42,46100,1,6,12,2,7,2,2,1,0,15.0,1,0.4102564102564102,2005,BMW M3,1,30000,13522,107,1,1,0,1,0,0,0,0,0,0,0,0,0,0,0,1,0,0,0,0,0,0,8
8,1,21,52,117600,0,5,8,10,19,5,3,1,0,2.0,0,0.2142857142857142,2005,BMW M3,1,10000,7915,85,1,1,0,0,0,0,0,0,0,0,1,0,0,0,0,0,0,0,0,0,1,0,12
9,1,60,114,36500,1,7,8,6,3,1,7,1,0,1.0,1,0.4367816091954023,2013,BMW M3,1,95600,38451,57,1,1,0,0,0,0,0,0,1,0,0,0,0,0,0,1,0,0,0,0,0,0,19
10,1,38,30,122900,1,5,10,2,15,3,4,1,0,3.0,1,0.3636363636363636,2003,BMW M3,1,15100,15332,79,1,1,0,0,0,0,1,0,0,0,0,0,0,0,0,1,0,0,0,0,0,0,18
11,1,33,68,196900,1,5,12,0,12,4,4,1,0,4.0,1,0.4915254237288136,2008,BMW M3,1,20000,9433,147,1,1,0,1,0,0,0,0,0,0,0,0,0,0,0,0,0,0,0,0,0,1,8
12,1,28,77,149200,0,4,14,0,9,1,1,1,2,1.0,1,0.21875,2004,BMW M3,1,11000,10108,77,1,1,0,0,0,0,0,0,0,0,0,1,0,0,0,0,0,1,0,0,0,0,15
13,0,26,34,157200,1,6,10,9,12,1,6,1,3,3.0,1,0.2142857142857142,2006,BMW M3,1,18750,15946,146,1,1,0,1,0,0,0,0,0,0,0,0,0,0,0,1,0,0,0,0,0,0,16
14,1,21,32,85000,1,5,12,4,7,6,4,1,0,3.0,1,0.0833333333333333,2006,BMW M3,1,23000,12827,101,1,1,0,1,0,0,0,0,0,0,0,0,0,0,0,1,0,0,0,0,0,0,13
15,1,3,29,55100,1,5,13,1,10,1,9,1,0,8.0,1,0.5384615384615384,2002,BMW M3,1,15250,6482,167,1,1,0,1,0,0,0,0,0,0,0,0,0,0,0,1,0,0,0,0,0,0,3
16,1,9,45,138300,1,5,8,0,11,4,2,1,0,2.0,1,0.09375,2006,BMW M3,1,21000,18377,74,1,1,0,0,0,0,0,0,0,0,0,1,0,0,0,0,0,0,0,0,1,0,7
17,1,8,137,4400,1,4,11,0,0,0,4,1,0,1.0,0,0.425,2021,BMW M3,1,70774,30585,141,1,1,0,0,0,0,0,1,0,0,0,0,0,0,0,0,0,0,0,1,0,0,6
18,0,19,30,151400,0,5,10,2,10,2,2,1,0,2.0,1,0.1764705882352941,2003,BMW M3,1,11000,10117,104,1,1,0,0,0,0,1,0,0,0,0,0,0,0,0,0,0,1,0,0,0,0,10
19,0,19,54,118800,1,4,9,0,10,4,4,1,2,1.0,1,0.1333333333333333,1997,BMW M3,1,10800,16433,65,1,1,0,0,0,0,0,1,0,0,0,0,0,0,0,1,0,0,0,0,0,0,13
20,1,38,43,56400,1,5,10,0,10,3,4,1,0,1.0,0,0.125,2006,BMW M3,1,26250,6568,111,1,1,0,1,0,0,0,0,0,0,0,0,0,0,0,1,0,0,0,0,0,0,8
21,1,22,54,102300,1,4,15,1,6,3,4,1,0,4.0,1,0.1739130434782608,2016,BMW M3,1,35750,17054,61,1,1,0,0,0,0,0,0,0,0,0,0,0,1,0,1,0,0,0,0,0,0,11
22,1,57,42,70900,1,6,15,6,7,2,4,1,2,1.0,1,0.1142857142857142,2015,BMW M3,1,40500,13702,108,1,1,0,1,0,0,0,0,0,0,0,0,0,0,0,0,0,0,0,0,0,1,19
23,1,39,26,38500,1,6,9,4,5,0,3,1,3,2.0,0,0.238095238095238,2013,BMW M3,1,37250,13236,134,1,1,0,0,0,0,0,0,0,0,0,0,1,0,0,1,0,0,0,0,0,0,19
24,1,26,43,86300,0,6,13,8,6,4,2,1,0,3.0,1,0.3888888888888889,2004,BMW M3,1,25750,12476,110,1,1,0,0,0,0,0,0,0,0,1,0,0,0,0,1,0,0,0,0,0,0,14
25,1,45,82,66600,1,6,6,31,6,2,3,1,0,10.0,1,0.3013698630136986,2008,BMW M3,1,35500,19299,105,1,1,0,0,0,0,1,0,0,0,0,0,0,0,0,1,0,0,0,0,0,0,17
26,1,27,63,157600,0,6,10,5,9,2,2,1,0,1.0,1,-0.1166666666666666,2003,BMW M3,1,15888,11702,62,1,1,0,0,0,0,1,0,0,0,0,0,0,0,0,1,0,0,0,0,0,0,14
27,0,36,29,110400,1,5,8,5,7,7,3,1,0,1.0,1,0.45,2002,BMW M3,1,18000,11442,116,1,1,0,0,0,0,1,0,0,0,0,0,0,0,0,0,0,1,0,0,0,0,16
28,0,56,38,27300,1,6,7,10,9,3,4,1,0,2.0,1,0.4285714285714285,2011,BMW M3,1,41000,10107,125,1,1,0,0,0,0,1,0,0,0,0,0,0,0,0,1,0,0,0,0,0,0,15
29,1,36,10,15800,1,7,14,8,4,6,4,1,0,4.0,1,0.6666666666666666,2008,BMW M3,1,38000,6166,114,1,1,0,0,0,0,1,0,0,0,0,0,0,0,0,1,0,0,0,0,0,0,21
30,1,32,140,45500,1,6,9,7,7,2,5,1,0,1.0,1,0.3421052631578947,2002,BMW M3,1,36500,16818,117,1,1,0,1,0,0,0,0,0,0,0,0,0,0,0,1,0,0,0,0,0,0,12
31,1,27,27,13400,1,6,10,2,2,0,4,1,0,4.0,0,0.5263157894736842,2012,BMW M3,1,40000,6895,185,1,1,0,0,0,0,0,0,0,0,0,0,1,0,0,1,0,0,0,0,0,0,9
32,1,18,11,141700,0,4,10,1,10,3,3,1,0,1.0,0,0.2222222222222222,2002,BMW M3,1,10600,6780,224,1,1,0,0,0,0,1,0,0,0,0,0,0,0,0,1,0,0,0,0,0,0,6
33,0,36,23,211900,1,5,10,7,11,3,7,1,0,2.0,1,0.4545454545454545,1998,BMW M3,1,11500,15592,216,1,1,0,0,1,0,0,0,0,0,0,0,0,0,0,0,0,1,0,0,0,0,15
34,1,27,39,30400,1,6,10,0,11,3,3,1,0,1.0,1,0.5769230769230769,2008,BMW M3,1,35999,9007,143,1,1,0,0,0,0,0,0,0,0,0,1,0,0,0,0,0,0,0,0,1,0,9
35,1,24,29,71300,1,6,12,9,7,4,4,1,0,1.0,1,0.44,2012,BMW M3,1,36250,11229,68,1,1,0,0,0,0,0,0,0,0,0,0,1,0,0,0,0,0,0,0,1,0,10
36,1,30,108,128600,1,4,6,10,7,4,3,1,0,2.0,1,0.3478260869565217,1991,BMW M3,1,68000,34708,94,1,1,0,1,0,0,0,0,0,0,0,0,0,0,0,0,0,1,0,0,0,0,15
37,1,23,16,83100,1,5,11,0,16,8,5,1,0,3.0,1,0.5,2008,BMW M3,1,26000,6846,106,1,1,0,0,0,0,1,0,0,0,0,0,0,0,0,0,0,0,0,0,1,0,11
38,1,40,63,45700,0,6,12,7,6,2,4,1,0,1.0,1,0.0545454545454545,2011,BMW M3,1,31250,12364,77,1,1,0,1,0,0,0,0,0,0,0,0,0,0,0,0,0,0,0,0,1,0,21
39,1,21,21,140400,1,6,11,4,7,1,1,1,0,4.0,0,-0.25,2002,BMW M3,1,9800,6569,100,1,1,0,0,0,0,1,0,0,0,0,0,0,0,0,0,0,1,0,0,0,0,11
40,1,38,45,103400,1,5,12,4,9,5,5,1,0,7.0,1,0.1515151515151515,2006,BMW M3,1,16000,8005,160,1,1,0,1,0,0,0,0,0,0,0,0,0,0,0,1,0,0,0,0,0,0,13
41,1,19,12,176200,1,6,12,9,11,4,5,1,2,3.0,1,0.4545454545454545,1998,BMW M3,1,14250,15389,210,1,1,0,1,0,0,0,0,0,0,0,0,0,0,0,1,0,0,0,0,0,0,10
42,1,32,76,35800,1,6,10,6,8,4,5,1,0,5.0,1,0.25,2013,BMW M3,1,59500,20875,99,1,1,0,0,0,0,0,0,1,0,0,0,0,0,0,1,0,0,0,0,0,0,14
43,1,20,24,40200,1,4,11,2,6,4,2,1,0,2.0,1,0.2727272727272727,2004,BMW M3,1,21500,6670,100,1,1,0,1,0,0,0,0,0,0,0,0,0,0,0,1,0,0,0,0,0,0,10
44,0,14,31,107000,1,4,13,2,7,7,4,1,0,7.0,1,0.6071428571428571,2008,BMW M3,1,17250,7585,124,1,1,0,1,0,0,0,0,0,0,0,0,0,0,0,1,0,0,0,0,0,0,11
45,1,75,182,177500,1,6,6,10,15,1,8,1,2,1.0,1,0.1390728476821192,1988,BMW M3,1,56000,22435,174,1,1,0,0,0,0,0,0,0,0,1,0,0,0,0,1,0,0,0,0,0,0,20
46,1,45,25,115300,1,5,8,11,5,4,3,1,0,2.0,1,0.45,2005,BMW M3,1,19500,14719,66,1,1,0,1,0,0,0,0,0,0,0,0,0,0,0,1,0,0,0,0,0,0,24
47,0,19,62,198800,1,7,13,2,7,3,3,1,2,1.0,1,0.0576923076923076,2008,BMW M3,1,17750,12237,88,1,1,0,0,0,0,0,0,0,0,0,0,1,0,1,0,0,0,0,0,0,0,10
48,1,23,40,100900,0,6,9,2,10,7,3,1,2,2.0,0,0.1379310344827586,1999,BMW M3,1,14600,7789,129,1,1,0,0,1,0,0,0,0,0,0,0,0,0,0,0,0,1,0,0,0,0,12
49,1,30,35,69800,1,6,8,5,5,4,2,1,0,1.0,1,0.1470588235294117,1997,BMW M3,1,24751,8561,132,1,1,0,0,0,0,0,0,0,0,0,0,1,0,0,1,0,0,0,0,0,0,13
50,1,7,43,111600,0,6,12,5,3,4,3,1,0,1.0,1,0.1111111111111111,2001,BMW M3,1,20500,15076,288,1,1,0,0,0,0,0,0,0,0,1,0,0,0,0,1,0,0,0,0,0,0,5
51,1,22,28,13600,1,6,10,6,4,4,6,1,0,2.0,0,0.6,2013,BMW M3,1,47000,10748,202,1,1,0,0,0,0,0,0,0,0,0,0,1,0,0,0,0,0,0,0,1,0,9
52,1,29,83,700,1,5,14,2,0,0,5,1,0,2.0,1,0.0519480519480519,2022,BMW M3,1,88500,20418,86,1,1,0,0,0,0,1,0,0,0,0,0,0,0,0,1,0,0,0,0,0,0,11
53,0,31,27,122100,1,5,10,2,6,4,6,1,0,3.0,1,0.5217391304347826,1999,BMW M3,1,12700,7312,111,1,1,0,0,0,0,0,0,0,0,1,0,0,0,0,1,0,0,0,0,0,0,11
54,1,23,22,26800,1,5,22,1,2,2,7,1,0,4.0,1,0.2105263157894736,2015,BMW M3,1,46000,8274,116,1,1,0,0,0,0,0,0,0,0,0,0,1,0,0,1,0,0,0,0,0,0,8
55,1,5,15,86400,1,5,12,6,9,8,5,1,0,7.0,1,0.1111111111111111,2002,BMW M3,1,11500,6754,218,1,1,0,0,0,0,1,0,0,0,0,0,0,0,0,0,0,0,0,0,1,0,5
56,1,10,50,128100,1,6,11,1,7,0,2,1,0,0.0,0,0.048780487804878,2005,BMW M3,1,14600,13238,71,1,1,0,0,0,0,0,0,0,0,0,1,0,0,0,0,1,0,0,0,0,0,9
57,1,47,54,67100,0,6,9,3,6,1,2,1,0,1.0,1,0.0392156862745098,2011,BMW M3,1,24000,10669,153,1,1,0,1,0,0,0,0,0,0,0,0,0,0,0,1,0,0,0,0,0,0,26
58,1,34,22,101200,1,5,10,12,10,5,8,1,2,7.0,1,0.5882352941176471,2006,BMW M3,1,17500,11235,167,1,1,0,1,0,0,0,0,0,0,0,0,0,0,0,0,1,0,0,0,0,0,16
59,1,33,45,64500,1,5,11,8,4,1,7,1,0,1.0,0,0.2424242424242424,2008,BMW M3,1,24500,11376,79,1,1,0,0,0,0,0,0,0,0,0,1,0,0,0,1,0,0,0,0,0,0,17
60,1,29,26,53700,1,5,10,0,11,4,3,1,0,6.0,1,0.4705882352941176,2002,BMW M3,1,25750,5824,73,1,1,0,0,0,1,0,0,0,0,0,0,0,0,0,0,0,1,0,0,0,0,12
61,0,27,47,143200,1,7,10,12,9,12,3,1,0,2.0,1,0.3823529411764705,1997,BMW M3,1,12345,14115,71,1,1,0,1,0,0,0,0,0,0,0,0,0,0,1,0,0,0,0,0,0,0,12
62,1,12,33,155300,1,6,11,3,11,3,4,1,0,7.0,0,0.4705882352941176,2004,BMW M3,1,12600,11123,138,1,1,0,1,0,0,0,0,0,0,0,0,0,0,0,1,0,0,0,0,0,0,7
63,1,11,73,45500,1,6,11,8,10,4,6,1,0,3.0,1,0.4769230769230769,2002,BMW M3,1,28850,19687,159,1,1,0,0,0,0,1,0,0,0,0,0,0,0,0,1,0,0,0,0,0,0,8
64,0,48,61,135900,0,5,11,27,10,7,5,1,2,1.0,1,0.4666666666666667,1998,BMW M3,0,17500,11875,232,1,1,0,0,0,0,0,0,0,1,0,0,0,0,0,0,0,0,0,0,1,0,16
65,1,26,87,2402,1,6,15,3,2,3,8,1,0,3.0,1,0.1388888888888889,2002,BMW M3,1,54750,25478,186,1,1,0,1,0,0,0,0,0,0,0,0,0,0,0,1,0,0,0,0,0,0,12
66,0,14,24,123100,1,6,12,1,11,12,4,1,2,1.0,1,0.5555555555555556,2006,BMW M3,1,21300,6709,215,1,1,0,1,0,0,0,0,0,0,0,0,0,0,0,0,0,1,0,0,0,0,6
67,1,12,13,51600,1,5,11,0,7,3,4,1,0,2.0,1,-0.2857142857142857,2003,BMW M3,1,15500,7640,144,1,1,0,0,0,0,0,0,0,0,0,0,1,0,0,1,0,0,0,0,0,0,8
68,1,23,175,36900,1,5,11,2,6,5,2,1,0,3.0,0,-0.0503597122302158,2012,BMW M3,1,22500,16324,111,1,1,0,1,0,0,0,0,0,0,0,0,0,0,1,0,0,0,0,0,0,0,11
69,1,12,26,16500,1,4,12,1,3,2,5,1,0,1.0,1,0.5217391304347826,2018,BMW M3,1,64500,14267,103,1,1,0,0,1,0,0,0,0,0,0,0,0,0,0,1,0,0,0,0,0,0,7
70,0,44,74,123600,1,5,11,1,9,8,4,1,0,4.0,1,0.1929824561403508,2003,BMW M3,1,17400,13515,96,1,1,0,0,0,0,0,0,0,0,0,1,0,0,0,1,0,0,0,0,0,0,13
71,1,34,59,113900,1,6,10,11,8,3,7,1,0,1.0,1,0.4042553191489361,2003,BMW M3,1,24000,8520,81,1,1,0,0,1,0,0,0,0,0,0,0,0,0,0,1,0,0,0,0,0,0,12
72,1,31,48,67700,1,6,11,13,7,7,3,1,0,3.0,1,0.3255813953488372,2009,BMW M3,1,33256,12429,118,1,1,0,0,0,0,0,0,0,0,1,0,0,0,0,0,0,0,1,0,0,0,15
73,1,34,77,66500,1,6,8,7,4,4,5,1,2,0.0,1,0.4202898550724637,2015,BMW M3,1,39000,13952,185,1,1,0,0,0,0,0,0,0,0,0,1,0,0,0,1,0,0,0,0,0,0,12
74,1,13,30,65200,0,6,10,18,7,2,3,1,0,1.0,1,0.6363636363636364,2003,BMW M3,1,17750,7597,102,1,1,0,0,0,0,1,0,0,0,0,0,0,0,0,0,0,1,0,0,0,0,5
75,1,30,45,97700,1,4,9,4,7,2,5,1,0,3.0,0,0.3333333333333333,2002,BMW M3,1,14300,7737,145,1,1,0,1,0,0,0,0,0,0,0,0,0,0,0,1,0,0,0,0,0,0,10
76,1,19,121,179000,1,6,6,10,3,2,3,1,3,2.0,1,0.3636363636363636,1998,BMW M3,1,22500,14408,85,1,1,0,0,0,0,0,0,0,0,0,0,0,1,0,1,0,0,0,0,0,0,7
77,0,47,41,67600,1,5,16,0,4,6,4,1,1,6.0,1,0.5333333333333333,2011,BMW M3,1,30000,9630,76,1,1,0,0,0,0,0,0,0,0,1,0,0,0,0,0,0,0,1,0,0,0,15
78,0,46,8,170400,1,6,8,10,11,5,4,1,0,2.0,1,0.0,2002,BMW M3,1,9333,12704,140,1,1,0,0,0,0,1,0,0,0,0,0,0,0,0,0,0,0,0,0,1,0,27
79,1,34,181,68600,1,6,5,4,4,3,9,1,0,3.0,1,0.2945736434108527,2006,BMW M3,1,44500,23335,137,1,1,0,0,1,0,0,0,0,0,0,0,0,0,0,0,0,1,0,0,0,0,10
80,0,33,57,220000,1,6,10,17,12,4,9,1,0,1.0,1,0.3061224489795918,1998,BMW M3,1,9169,16117,82,1,1,0,0,0,0,0,0,0,0,0,1,0,0,0,1,0,0,0,0,0,0,15
81,1,29,51,95300,1,7,9,4,7,2,4,1,0,1.0,1,0.1219512195121951,2002,BMW M3,1,23750,11453,57,1,1,0,0,0,0,1,0,0,0,0,0,0,0,0,1,0,0,0,0,0,0,10
82,0,29,81,196700,1,6,11,4,9,6,4,1,0,2.0,1,0.4794520547945205,1997,BMW M3,1,13000,13155,134,1,1,0,1,0,0,0,0,0,0,0,0,0,0,0,1,0,0,0,0,0,0,11
83,1,21,35,98000,1,6,8,1,6,5,5,1,0,1.0,1,0.5416666666666666,2003,BMW M3,1,25000,10721,85,1,1,0,1,0,0,0,0,0,0,0,0,0,0,0,1,0,0,0,0,0,0,11
84,1,37,53,41300,1,6,14,0,4,0,3,1,0,2.0,1,0.3333333333333333,2015,BMW M3,1,40550,11069,59,1,1,0,0,0,0,1,0,0,0,0,0,0,0,0,0,0,0,0,1,0,0,10
85,0,10,49,121100,1,6,7,2,11,4,5,1,0,3.0,1,0.3428571428571428,2002,BMW M3,1,16500,17364,122,1,1,0,1,0,0,0,0,0,0,0,0,0,0,0,0,0,1,0,0,0,0,7
86,1,16,32,79600,1,5,9,1,5,5,1,1,0,5.0,1,0.4827586206896552,2008,BMW M3,1,22175,9470,108,1,1,0,1,0,0,0,0,0,0,0,0,0,0,0,0,0,0,0,0,0,1,10
87,1,35,67,86500,1,5,13,5,9,3,4,1,0,2.0,1,0.2258064516129032,2012,BMW M3,1,34750,21129,95,1,1,0,0,0,0,0,0,1,0,0,0,0,0,0,1,0,0,0,0,0,0,12
88,1,32,31,35500,1,7,19,4,7,5,5,1,0,2.0,1,-0.1333333333333333,2016,BMW M3,1,39280,10943,207,1,1,0,1,0,0,0,0,0,0,0,0,0,0,0,1,0,0,0,0,0,0,13
89,0,42,37,49400,0,5,7,5,7,2,2,1,0,4.0,1,0.1764705882352941,2011,BMW M3,1,30500,12339,76,1,1,0,0,0,0,0,0,0,0,0,0,1,0,0,0,0,0,0,0,1,0,21
90,1,20,37,92200,1,4,8,1,8,4,2,1,0,2.0,0,0.3571428571428571,1998,BMW M3,1,17500,11117,129,1,1,0,1,0,0,0,0,0,0,0,0,0,0,0,1,0,0,0,0,0,0,9
91,1,20,29,7500,1,6,9,5,2,0,5,1,0,1.0,1,0.5384615384615384,2015,BMW M3,1,50000,8819,84,1,1,0,0,0,0,0,0,0,0,0,0,1,0,0,1,0,0,0,0,0,0,14
92,1,19,25,78900,1,7,8,15,8,4,3,1,2,3.0,1,0.55,2004,BMW M3,1,24000,9743,90,1,1,0,0,0,0,1,0,0,0,0,0,0,0,0,1,0,0,0,0,0,0,5
93,1,17,43,106000,1,7,14,5,5,3,4,1,0,1.0,1,0.21875,2003,BMW M3,1,23000,11693,75,1,1,0,0,0,0,1,0,0,0,0,0,0,0,0,1,0,0,0,0,0,0,7
94,1,22,37,69700,1,6,15,5,6,5,4,1,2,7.0,0,0.5357142857142857,2011,BMW M3,1,30500,17132,113,1,1,0,0,1,0,0,0,0,0,0,0,0,0,0,0,0,0,0,0,1,0,10
95,1,36,36,42000,1,5,13,0,3,2,2,1,0,1.0,1,0.28125,2016,BMW M3,1,44869,11843,97,1,1,0,0,0,0,0,0,0,0,0,0,1,0,0,1,0,0,0,0,0,0,16
96,1,31,52,88400,1,5,10,1,4,3,5,1,0,0.0,1,0.0909090909090909,2006,BMW M3,1,18773,11048,93,1,1,0,0,0,0,0,0,0,0,0,1,0,0,0,0,0,1,0,0,0,0,14
97,0,5,46,158800,1,4,10,15,13,12,4,1,0,5.0,1,0.4,1999,BMW M3,1,7200,11324,137,1,1,0,0,0,0,0,0,0,0,0,0,0,1,0,1,0,0,0,0,0,0,4
98,0,13,17,205700,1,5,9,3,7,4,2,1,0,1.0,1,0.3076923076923077,1998,BMW M3,1,9300,15507,85,1,1,0,0,0,0,0,0,0,0,0,1,0,0,0,1,0,0,0,0,0,0,6
99,1,57,62,97000,1,5,10,10,11,3,4,1,0,3.0,1,-0.0535714285714285,2008,BMW M3,1,17500,14707,91,1,1,0,1,0,0,0,0,0,0,0,0,0,0,1,0,0,0,0,0,0,0,18
100,0,29,28,63700,0,6,13,0,9,2,5,1,0,1.0,1,0.25,1999,BMW M3,1,10100,7139,100,1,1,0,1,0,0,0,0,0,0,0,0,0,0,0,0,0,1,0,0,0,0,15
101,0,8,28,83100,1,7,7,3,8,0,4,1,0,1.0,1,0.2857142857142857,2004,BMW M3,1,16500,7195,110,1,1,0,0,0,0,1,0,0,0,0,0,0,0,0,0,0,1,0,0,0,0,6
102,0,29,99,94400,1,4,7,9,8,0,1,1,0,0.0,1,0.0434782608695652,1995,BMW M3,1,9750,16729,121,1,1,0,0,0,0,0,0,0,0,1,0,0,0,0,1,0,0,0,0,0,0,16
103,1,22,31,50400,1,6,17,4,15,1,8,1,0,2.0,1,0.4615384615384615,2008,BMW M3,1,28760,12074,212,1,1,0,0,1,0,0,0,0,0,0,0,0,0,0,0,0,0,0,0,0,1,15
104,1,37,26,99100,1,5,14,7,6,7,8,1,0,2.0,1,0.3809523809523809,2008,BMW M3,1,24250,11032,99,1,1,0,0,0,0,0,0,0,0,0,0,1,0,0,1,0,0,0,0,0,0,13
105,1,26,32,78900,1,6,10,3,7,7,2,1,0,3.0,0,0.2068965517241379,2009,BMW M3,1,23250,10329,111,1,1,0,1,0,0,0,0,0,0,0,0,0,0,0,1,0,0,0,0,0,0,15
106,0,17,8,173100,1,5,12,13,9,2,2,1,3,2.0,1,0.5714285714285714,2004,BMW M3,1,14100,14194,204,1,1,0,0,0,0,0,0,0,0,0,1,0,0,0,0,0,1,0,0,0,0,5
107,1,29,76,88800,1,4,11,0,5,2,3,1,0,1.0,1,0.0701754385964912,2013,BMW M3,1,24069,11520,98,1,1,0,1,0,0,0,0,0,0,0,0,0,0,0,1,0,0,0,0,0,0,18
108,1,35,49,125200,1,5,12,0,8,0,4,1,0,10.0,1,0.4482758620689655,2005,BMW M3,1,17000,9348,148,1,1,0,0,0,0,1,0,0,0,0,0,0,0,0,0,0,0,0,0,1,0,13
109,1,26,30,121900,1,5,12,24,5,4,5,1,2,3.0,1,0.4814814814814814,2003,BMW M3,1,18333,12160,86,1,1,0,1,0,0,0,0,0,0,0,0,0,0,0,1,0,0,0,0,0,0,7
110,1,16,119,239900,1,5,8,19,13,0,3,1,2,3.0,0,0.0459770114942528,1990,BMW M3,1,41150,18089,123,1,1,0,0,0,0,0,0,0,0,1,0,0,0,0,1,0,0,0,0,0,0,5
111,0,22,16,52700,1,6,14,7,1,3,5,1,0,3.0,1,0.3571428571428571,2016,BMW M3,1,43500,13184,121,1,1,0,0,0,0,0,0,0,0,0,0,1,0,0,0,0,0,0,1,0,0,8
112,1,49,26,53900,1,6,13,2,8,7,4,1,0,2.0,1,0.4090909090909091,2003,BMW M3,1,18666,5684,124,1,1,0,1,0,0,0,0,0,0,0,0,0,0,0,0,0,1,0,0,0,0,15
113,1,24,29,82500,1,6,9,6,9,2,5,1,0,6.0,1,0.2727272727272727,2004,BMW M3,1,24500,8840,151,1,1,0,0,0,0,1,0,0,0,0,0,0,0,0,1,0,0,0,0,0,0,11
114,1,47,84,56200,0,6,11,9,10,2,1,1,2,2.0,1,0.2608695652173913,2013,BMW M3,1,47500,14277,148,1,1,0,0,0,0,1,0,0,0,0,0,0,0,0,1,0,0,0,0,0,0,9
115,1,29,24,110600,1,6,10,15,11,2,3,1,0,3.0,1,0.0476190476190476,2003,BMW M3,1,19346,10210,172,1,1,0,1,0,0,0,0,0,0,0,0,0,0,0,1,0,0,0,0,0,0,12
116,0,13,28,149900,1,5,10,24,4,6,7,1,0,5.0,1,0.16,1998,BMW M3,1,15250,14470,90,1,1,0,1,0,0,0,0,0,0,0,0,0,0,0,1,0,0,0,0,0,0,8
117,1,13,13,74300,0,5,12,1,5,5,4,1,0,2.0,0,0.1111111111111111,2008,BMW M3,1,19500,4622,83,1,1,0,0,0,0,0,0,0,0,1,0,0,0,0,1,0,0,0,0,0,0,11
118,1,40,19,55500,1,5,11,7,5,6,2,1,0,2.0,0,0.0,2009,BMW M3,1,23100,5393,96,1,1,0,0,0,0,0,0,0,0,1,0,0,0,0,0,0,0,1,0,0,0,19
119,1,32,49,177100,1,5,10,19,11,4,3,1,0,1.0,1,0.3111111111111111,2002,BMW M3,1,21500,13070,111,1,1,0,0,1,0,0,0,0,0,0,0,0,0,0,1,0,0,0,0,0,0,11
120,1,37,47,51800,1,6,11,8,4,2,4,1,3,5.0,1,0.4594594594594595,2008,BMW M3,1,35750,12916,100,1,1,0,0,0,0,0,0,0,0,0,1,0,0,1,0,0,0,0,0,0,0,7
121,1,33,42,57000,0,6,13,12,8,3,5,1,2,1.0,0,0.1176470588235294,1998,BMW M3,1,24200,8688,229,1,1,0,1,0,0,0,0,0,0,0,0,0,0,0,1,0,0,0,0,0,0,15
122,1,7,59,53500,0,5,13,1,7,0,6,1,0,2.0,0,-0.217391304347826,2008,BMW M3,1,27000,4330,95,1,1,0,0,0,0,0,0,0,0,0,1,0,0,0,1,0,0,0,0,0,0,7
123,0,67,62,106200,1,4,13,0,9,6,4,1,0,5.0,1,0.0357142857142857,2002,BMW M3,1,15750,14141,82,1,1,0,0,0,0,1,0,0,0,0,0,0,0,0,1,0,0,0,0,0,0,26
124,1,35,17,95600,1,5,11,0,9,5,3,1,0,4.0,1,0.3846153846153846,1995,BMW M3,1,15500,10001,105,1,1,0,1,0,0,0,0,0,0,0,0,0,0,0,1,0,0,0,0,0,0,14
125,1,8,33,196500,1,5,10,1,12,10,3,1,0,2.0,1,0.64,2005,BMW M3,1,19000,11170,128,1,1,0,0,0,0,0,0,0,0,1,0,0,0,0,1,0,0,0,0,0,0,6
126,1,34,28,43800,1,6,14,3,5,5,4,1,0,2.0,1,0.2083333333333333,2008,BMW M3,1,26751,5125,109,1,1,0,1,0,0,0,0,0,0,0,0,0,0,0,0,0,0,0,0,0,1,17
127,1,6,69,36600,1,5,10,4,4,0,2,1,0,3.0,0,-0.0454545454545454,2002,BMW M3,1,30000,15345,118,1,1,0,0,0,0,0,0,0,0,0,0,1,0,0,1,0,0,0,0,0,0,6
128,0,25,10,101500,1,5,10,1,8,7,5,1,2,4.0,1,0.2857142857142857,2008,BMW M3,1,18750,6629,108,1,1,0,0,0,0,1,0,0,0,0,0,0,0,0,1,0,0,0,0,0,0,12
129,1,7,33,70400,1,5,5,19,2,0,7,1,2,4.0,0,0.3703703703703703,2009,BMW M3,1,19700,10656,72,1,1,0,0,0,0,1,0,0,0,0,0,0,0,0,1,0,0,0,0,0,0,7
130,1,18,32,69800,1,6,11,10,6,5,4,1,0,2.0,0,0.2692307692307692,2003,BMW M3,1,16500,6785,98,1,1,0,0,0,0,0,0,0,0,1,0,0,0,0,1,0,0,0,0,0,0,10
131,1,9,34,165800,1,4,2,46,10,0,5,1,2,4.0,0,0.4814814814814814,1995,BMW M3,1,17000,10082,166,1,1,0,0,0,0,0,0,0,0,0,0,1,0,0,1,0,0,0,0,0,0,5
132,1,40,41,59700,1,4,16,0,8,2,4,1,0,2.0,1,0.2222222222222222,2011,BMW M3,1,28750,7738,95,1,1,0,1,0,0,0,0,0,0,0,0,0,0,0,0,0,0,1,0,0,0,15
133,0,52,45,130600,0,5,9,3,16,3,2,1,2,2.0,1,0.1627906976744186,2008,BMW M3,1,18300,9248,157,1,1,0,0,0,0,0,0,0,0,1,0,0,0,0,0,0,0,1,0,0,0,18
134,1,21,40,56000,1,6,10,5,6,8,10,1,0,5.0,0,0.3333333333333333,1995,BMW M3,1,20500,8244,168,1,1,0,1,0,0,0,0,0,0,0,0,0,0,0,1,0,0,0,0,0,0,10
135,1,45,46,74100,1,5,12,7,7,4,4,1,0,4.0,0,0.027027027027027,2004,BMW M3,1,20000,9516,77,1,1,0,0,0,0,1,0,0,0,0,0,0,0,0,1,0,0,0,0,0,0,17
136,1,39,42,68900,0,6,14,3,9,3,5,1,0,2.0,0,0.3428571428571428,2006,BMW M3,1,25750,9714,95,1,1,0,0,0,0,0,0,0,0,1,0,0,0,0,1,0,0,0,0,0,0,22
137,1,21,55,109400,1,6,15,16,15,7,6,1,0,5.0,0,0.1304347826086956,2005,BMW M3,1,17750,11300,135,1,1,0,1,0,0,0,0,0,0,0,0,0,0,0,1,0,0,0,0,0,0,18
138,0,25,36,82300,1,6,9,6,13,5,3,1,0,4.0,1,0.0625,2002,BMW M3,1,17750,5811,114,1,1,0,0,0,0,1,0,0,0,0,0,0,0,0,0,0,1,0,0,0,0,13
139,1,37,34,74800,1,5,15,8,6,6,5,1,0,3.0,0,-0.0476190476190476,2013,BMW M3,1,24750,6032,77,1,1,0,0,0,0,0,0,0,0,1,0,0,0,0,0,0,0,1,0,0,0,20
140,0,16,21,246900,1,6,10,7,22,3,4,1,0,3.0,1,0.2222222222222222,1997,BMW M3,1,7100,13282,147,1,1,0,0,0,0,0,0,0,0,0,1,0,0,0,1,0,0,0,0,0,0,9
141,0,32,67,133100,1,6,10,9,10,2,4,1,0,5.0,1,0.3018867924528302,2008,BMW M3,0,16592,13075,95,1,1,0,0,0,0,0,0,0,0,0,1,0,0,1,0,0,0,0,0,0,0,13
142,1,35,29,93000,1,4,10,5,4,0,3,1,0,1.0,1,-0.125,2009,BMW M3,1,17250,7727,51,1,1,0,0,0,0,0,0,0,0,0,0,1,0,0,1,0,0,0,0,0,0,14
143,1,39,25,50000,1,5,14,1,6,11,4,1,0,2.0,1,0.0434782608695652,2015,BMW M3,1,40000,10750,77,1,1,0,0,0,0,0,0,1,0,0,0,0,0,0,1,0,0,0,0,0,0,16
144,1,9,16,24600,1,6,17,8,0,3,4,1,0,2.0,1,0.4615384615384615,2016,BMW M3,1,44500,13645,135,1,1,0,0,0,0,0,0,0,0,0,0,1,0,0,0,0,0,0,0,0,1,6
145,1,26,28,40900,1,7,13,3,2,2,2,1,0,3.0,0,0.2,2009,BMW M3,1,29250,10459,136,1,1,0,1,0,0,0,0,0,0,0,0,0,0,0,1,0,0,0,0,0,0,16
146,0,20,22,230000,1,6,12,3,14,9,3,1,0,7.0,1,0.3529411764705882,1998,BMW M3,1,11520,15234,145,1,1,0,0,0,0,0,1,0,0,0,0,0,0,0,0,0,1,0,0,0,0,11
147,1,30,29,138500,1,6,13,21,20,7,7,1,0,6.0,0,0.3636363636363636,2003,BMW M3,1,16850,15285,117,1,1,0,0,0,0,0,0,0,0,0,1,0,0,0,0,0,1,0,0,0,0,17
148,1,24,11,33300,1,5,13,2,4,4,4,1,2,4.0,1,0.9,2017,BMW M3,1,51600,8688,61,1,1,0,0,0,0,1,0,0,0,0,0,0,0,0,0,0,0,0,0,0,1,7
149,1,14,65,104900,1,5,7,34,9,5,4,1,3,4.0,0,0.4509803921568627,1991,BMW M3,1,57055,24544,92,1,1,0,0,0,0,0,0,0,0,1,0,0,0,1,0,0,0,0,0,0,0,10
150,1,33,170,9000,1,6,10,13,7,0,3,1,0,3.0,0,-0.0198675496688741,2015,BMW M3,1,47000,13337,71,1,1,0,0,0,0,0,0,1,0,0,0,0,0,0,0,0,0,0,1,0,0,12
151,1,31,32,115800,1,6,12,4,9,9,7,1,0,1.0,1,0.3214285714285714,2002,BMW M3,1,23000,10362,128,1,1,0,0,0,0,1,0,0,0,0,0,0,0,0,0,0,1,0,0,0,0,18
152,1,22,50,124500,1,5,4,28,7,4,4,1,3,1.0,1,0.6,1997,BMW M3,0,31500,18028,117,1,1,0,0,1,0,0,0,0,0,0,0,0,0,0,1,0,0,0,0,0,0,8
153,1,37,39,12300,1,5,13,0,6,1,6,1,0,5.0,1,0.40625,2001,BMW M3,1,37250,8351,85,1,1,0,0,0,0,0,0,0,0,1,0,0,0,0,1,0,0,0,0,0,0,19
154,1,7,24,90500,1,6,11,4,9,1,7,1,0,2.0,1,0.2,2005,BMW M3,1,24000,10851,150,1,1,0,0,0,0,0,0,0,0,0,0,1,0,0,0,0,0,0,0,1,0,6
155,1,56,24,127800,1,4,12,8,12,3,4,1,0,4.0,1,0.0,2005,BMW M3,1,13000,12355,63,1,1,0,1,0,0,0,0,0,0,0,0,0,0,0,1,0,0,0,0,0,0,15
156,1,29,20,32200,1,5,16,0,4,4,4,1,0,2.0,1,0.375,2018,BMW M3,1,54000,11993,93,1,1,0,1,0,0,0,0,0,0,0,0,0,0,0,1,0,0,0,0,0,0,19
157,1,25,32,66100,1,7,10,4,9,4,6,1,0,4.0,0,0.1818181818181818,2001,BMW M3,1,20250,5050,162,1,1,0,0,0,0,0,0,0,0,1,0,0,0,0,1,0,0,0,0,0,0,10
158,0,31,21,123100,1,6,12,11,13,1,6,1,0,1.0,1,0.3333333333333333,1997,BMW M3,1,13000,11142,162,1,1,0,1,0,0,0,0,0,0,0,0,0,0,0,1,0,0,0,0,0,0,13
159,1,34,48,64900,0,5,9,0,9,5,6,1,0,1.0,0,0.0888888888888888,2005,BMW M3,1,30000,10148,169,1,1,0,1,0,0,0,0,0,0,0,0,0,0,0,0,1,0,0,0,0,0,14
160,0,24,52,57700,0,6,8,11,3,6,4,1,3,2.0,1,0.3,2010,BMW M3,1,35250,9059,157,1,1,0,0,0,0,1,0,0,0,0,0,0,0,0,1,0,0,0,0,0,0,17
161,1,46,71,77000,1,6,12,12,11,0,2,1,0,2.0,1,0.3934426229508196,2004,BMW M3,1,12100,9899,96,1,1,0,1,0,0,0,0,0,0,0,0,0,0,0,1,0,0,0,0,0,0,15
162,1,31,77,73800,1,7,11,5,6,5,2,1,0,2.0,0,0.0350877192982456,2013,BMW M3,1,43250,14060,79,1,1,0,0,0,0,0,0,1,0,0,0,0,0,0,1,0,0,0,0,0,0,10
163,1,37,48,119800,1,6,10,21,15,18,6,1,0,1.0,0,0.2051282051282051,2005,BMW M3,1,27600,16431,149,1,1,0,0,0,0,1,0,0,0,0,0,0,0,0,1,0,0,0,0,0,0,16
164,1,59,46,154400,1,6,9,5,4,6,3,1,0,4.0,1,0.2857142857142857,2001,BMW M3,1,19000,8640,107,1,1,0,0,0,0,0,0,0,0,1,0,0,0,0,1,0,0,0,0,0,0,23
165,0,41,39,68700,0,6,13,2,9,1,1,1,0,0.0,1,0.2424242424242424,2005,BMW M3,1,33000,9083,122,1,1,0,0,0,0,1,0,0,0,0,0,0,0,0,0,0,0,0,0,1,0,22
166,1,22,52,164100,1,4,9,11,7,0,5,1,0,3.0,1,0.6388888888888888,1988,BMW M3,1,60250,17610,200,1,1,0,0,0,0,0,0,0,0,0,0,1,0,0,0,0,0,0,0,1,0,15
167,1,32,76,109000,1,5,10,2,9,12,8,1,0,4.0,1,0.3538461538461538,1999,BMW M3,1,24750,14470,275,1,1,0,0,1,0,0,0,0,0,0,0,0,0,0,0,0,1,0,0,0,0,12
168,1,33,17,31800,1,5,12,0,5,5,2,1,1,1.0,0,0.2727272727272727,2009,BMW M3,1,28000,4660,105,1,1,0,1,0,0,0,0,0,0,0,0,0,0,0,1,0,0,0,0,0,0,18
169,1,2,13,129100,1,6,13,1,10,0,3,1,0,3.0,1,0.2222222222222222,2001,BMW M3,1,14500,4407,97,1,1,0,0,0,0,1,0,0,0,0,0,0,0,0,0,0,0,0,0,1,0,1
170,0,43,27,85000,0,5,12,8,5,5,3,1,0,1.0,1,-0.04,2011,BMW M3,1,25000,10944,101,1,1,0,0,0,0,1,0,0,0,0,0,0,0,0,0,0,0,0,0,1,0,19
171,1,38,28,75300,1,5,11,3,8,4,4,1,0,2.0,1,0.1304347826086956,2004,BMW M3,1,16200,6089,89,1,1,0,1,0,0,0,0,0,0,0,0,0,0,0,1,0,0,0,0,0,0,17
172,1,14,33,74100,1,6,13,10,6,8,3,1,0,4.0,0,0.3888888888888889,2017,BMW M3,1,35500,13191,87,1,1,0,0,0,0,0,0,1,0,0,0,0,0,0,0,0,0,0,0,0,1,8
173,1,18,22,122100,1,6,15,10,12,16,3,1,0,6.0,1,0.4615384615384615,2008,BMW M3,1,18750,9981,186,1,1,0,1,0,0,0,0,0,0,0,0,0,0,0,1,0,0,0,0,0,0,10
174,1,26,39,73100,1,6,11,6,9,3,3,1,0,3.0,0,0.4137931034482758,2005,BMW M3,1,30750,9985,118,1,1,0,0,0,0,0,0,0,0,0,1,0,0,0,0,0,1,0,0,0,0,14
175,0,29,57,141700,1,6,10,4,7,6,6,1,0,2.0,1,0.32,1995,BMW M3,1,19500,10399,108,1,1,0,0,0,0,0,0,0,0,0,0,1,0,0,0,0,1,0,0,0,0,16
176,1,42,32,51100,1,5,14,7,7,8,4,1,0,2.0,1,0.3214285714285714,2016,BMW M3,1,39000,9221,89,1,1,0,0,0,0,0,0,0,0,0,0,1,0,0,1,0,0,0,0,0,0,20
177,1,24,16,69700,1,5,11,12,9,0,3,1,0,1.0,1,0.3125,2013,BMW M3,1,30000,8760,62,1,1,0,0,1,0,0,0,0,0,0,0,0,0,0,1,0,0,0,0,0,0,9
178,0,71,19,126700,1,6,10,11,9,6,4,1,2,1.0,1,0.4444444444444444,2001,BMW M3,1,20952,4790,91,1,1,0,0,0,0,1,0,0,0,0,0,0,0,0,0,0,1,0,0,0,0,5
179,1,29,69,163500,1,7,11,15,7,12,1,1,3,2.0,1,0.4,2006,BMW M3,1,24321,13104,86,1,1,0,0,0,0,0,0,0,0,0,0,1,0,0,0,0,0,0,0,1,0,11
180,1,28,32,87600,0,5,14,0,3,7,3,1,0,4.0,0,0.2857142857142857,2006,BMW M3,1,18750,6735,67,1,1,0,0,0,0,1,0,0,0,0,0,0,0,0,0,0,1,0,0,0,0,16
181,1,35,34,58500,1,6,14,9,4,5,2,1,2,1.0,1,0.1176470588235294,2015,BMW M3,1,41999,15491,105,1,1,0,0,0,0,0,0,1,0,0,0,0,0,0,0,0,0,0,1,0,0,14
182,0,31,90,228000,1,6,6,14,14,14,6,1,0,5.0,1,0.684931506849315,1997,BMW M3,0,12500,14544,315,1,1,0,0,0,0,0,0,0,0,0,1,0,0,0,1,0,0,0,0,0,0,11
183,1,43,50,90700,1,6,12,4,9,5,5,1,0,3.0,1,0.2826086956521739,2002,BMW M3,1,27399,8213,126,1,1,0,0,0,0,0,0,0,0,1,0,0,0,0,1,0,0,0,0,0,0,18
184,1,49,27,54300,1,5,24,9,6,9,4,1,0,3.0,1,0.2272727272727272,2016,BMW M3,1,45500,10555,177,1,1,0,0,0,0,0,0,0,0,0,1,0,0,0,1,0,0,0,0,0,0,16
185,1,27,43,93800,1,4,11,6,13,8,4,1,0,5.0,1,0.4102564102564102,2004,BMW M3,1,19000,14452,169,1,1,0,0,0,0,0,0,0,0,1,0,0,0,0,0,0,0,0,0,1,0,14
186,1,25,32,36200,1,5,13,5,2,8,4,1,0,3.0,1,0.2307692307692307,2018,BMW M3,1,55666,11829,139,1,1,0,0,0,0,1,0,0,0,0,0,0,0,0,0,0,0,0,1,0,0,11
187,1,29,19,67500,1,5,11,1,9,4,3,1,2,4.0,0,0.6666666666666666,2004,BMW M3,1,22500,5362,116,1,1,0,0,0,0,1,0,0,0,0,0,0,0,0,1,0,0,0,0,0,0,16
188,1,68,30,47600,1,6,10,13,5,4,6,1,0,3.0,1,0.3636363636363636,2004,BMW M3,1,42000,7434,88,1,1,0,0,0,0,0,0,0,0,1,0,0,0,0,1,0,0,0,0,0,0,13
189,1,7,14,87000,1,5,8,7,9,9,5,1,0,2.0,0,0.6666666666666666,2006,BMW M3,1,22000,11567,84,1,1,0,0,1,0,0,0,0,0,0,0,0,0,0,1,0,0,0,0,0,0,6
190,1,18,51,41000,0,5,8,0,3,0,4,1,0,2.0,0,0.3404255319148936,1995,BMW M3,1,37000,11667,141,1,1,0,0,0,0,0,0,0,0,1,0,0,0,0,1,0,0,0,0,0,0,8
191,1,50,25,111800,1,5,11,0,7,3,5,1,0,4.0,1,0.2272727272727272,2001,BMW M3,1,22500,5941,62,1,1,0,0,0,0,0,0,0,0,1,0,0,0,0,1,0,0,0,0,0,0,16
192,1,30,25,113700,1,5,11,0,12,0,10,1,0,6.0,0,0.7,1998,BMW M3,1,17350,10593,150,1,1,0,0,0,0,0,0,0,0,0,0,1,0,0,1,0,0,0,0,0,0,17
193,1,36,58,68300,1,5,12,1,7,3,2,1,0,3.0,1,0.2592592592592592,2002,BMW M3,1,25000,7198,95,1,1,0,1,0,0,0,0,0,0,0,0,0,0,0,0,1,0,0,0,0,0,13
194,1,24,26,58400,1,5,8,0,11,2,3,1,0,1.0,0,-0.2777777777777778,2004,BMW M3,1,17250,10876,128,1,1,0,0,0,0,1,0,0,0,0,0,0,0,0,0,0,1,0,0,0,0,14
195,1,57,30,168100,1,6,13,18,6,19,4,1,0,4.0,1,0.2916666666666667,2008,BMW M3,1,25000,7775,99,1,1,0,0,0,0,0,0,0,0,0,1,0,0,0,1,0,0,0,0,0,0,17
196,1,46,11,48200,1,5,14,1,8,0,5,1,0,4.0,1,0.6666666666666666,2015,BMW M3,1,42650,8887,72,1,1,0,0,0,0,1,0,0,0,0,0,0,0,0,0,0,0,0,1,0,0,15
197,1,49,28,161500,1,5,10,14,6,3,1,1,0,1.0,1,0.1428571428571428,2003,BMW M3,1,22750,12515,74,1,1,0,0,0,0,1,0,0,0,0,0,0,0,0,0,0,0,0,0,1,0,21
198,1,44,36,22200,1,5,10,4,6,5,3,1,0,7.0,1,0.5,2011,BMW M3,1,42250,5869,204,1,1,0,0,0,0,0,0,0,0,0,1,0,0,0,1,0,0,0,0,0,0,17
199,0,61,63,136400,1,5,11,2,11,0,2,1,0,3.0,1,0.1282051282051282,2009,BMW M3,1,16500,12083,113,1,1,0,1,0,0,0,0,0,0,0,0,0,0,0,1,0,0,0,0,0,0,19
200,1,27,11,63600,1,5,10,3,10,0,6,1,0,1.0,1,0.6,2004,BMW M3,1,19750,4807,106,1,1,0,0,0,0,0,0,0,0,0,1,0,0,0,1,0,0,0,0,0,0,10
201,0,36,47,246300,1,4,12,1,8,3,3,1,0,1.0,1,0.3157894736842105,1997,BMW M3,1,7000,14232,100,1,1,0,0,0,0,0,0,0,0,0,1,0,0,0,0,0,0,0,0,1,0,13
202,1,42,24,111000,1,5,10,3,8,9,8,1,0,5.0,1,0.3636363636363636,1999,BMW M3,1,12300,7816,136,1,1,0,0,0,0,1,0,0,0,0,0,0,0,0,0,0,1,0,0,0,0,18
203,1,15,25,42300,1,5,17,0,3,4,2,1,2,1.0,1,0.0454545454545454,2015,BMW M3,1,50000,5761,156,1,1,0,1,0,0,0,0,0,0,0,0,0,0,0,1,0,0,0,0,0,0,8
204,1,57,43,163800,1,6,14,3,9,0,3,1,0,1.0,1,-0.0303030303030303,2003,BMW M3,1,23500,11588,65,1,1,0,0,0,0,0,0,0,0,1,0,0,0,0,1,0,0,0,0,0,0,19
205,1,37,41,24200,1,6,13,7,6,3,4,1,0,3.0,1,0.1612903225806451,2013,BMW M3,1,45250,9945,126,1,1,0,0,0,0,0,0,0,0,0,0,1,0,0,0,0,0,0,0,1,0,14
206,1,38,22,75400,1,4,12,1,9,3,5,1,0,3.0,0,0.2,2003,BMW M3,1,16775,7585,84,1,1,0,0,0,0,0,0,0,0,0,1,0,0,0,1,0,0,0,0,0,0,20
207,1,17,6,167900,1,5,15,8,6,9,4,1,2,9.0,0,-0.2,1999,BMW M3,1,11950,5358,175,1,1,0,0,0,0,1,0,0,0,0,0,0,0,0,0,0,0,0,0,1,0,10
208,1,30,19,98300,0,6,10,15,6,1,3,1,0,1.0,1,0.4,2005,BMW M3,1,23000,11005,262,1,1,0,0,0,0,0,0,0,0,0,0,1,0,0,1,0,0,0,0,0,0,15
209,1,24,44,71300,1,6,11,3,7,4,6,1,0,2.0,0,0.064516129032258,2008,BMW M3,1,26500,7381,71,1,1,0,0,0,0,1,0,0,0,0,0,0,0,0,1,0,0,0,0,0,0,12
210,1,25,32,8100,1,4,15,0,2,4,3,1,0,2.0,1,0.3461538461538461,2022,BMW M3,1,79401,13191,84,1,1,0,0,0,0,1,0,0,0,0,0,0,0,0,0,0,0,0,1,0,0,15
211,0,47,132,46700,1,6,9,6,11,6,1,1,0,5.0,1,0.0743801652892562,2012,BMW M3,1,34750,11143,117,1,1,0,1,0,0,0,0,0,0,0,0,0,0,0,1,0,0,0,0,0,0,13
212,1,41,79,19900,1,6,10,2,5,5,2,1,0,2.0,0,0.2307692307692307,2003,BMW M3,1,44500,12486,92,1,1,0,0,1,0,0,0,0,0,0,0,0,0,0,0,0,1,0,0,0,0,13
213,1,43,53,133800,0,6,9,6,12,0,3,1,2,1.0,0,0.275,1994,BMW M3,1,19100,13494,131,1,1,0,0,0,0,0,0,0,0,1,0,0,0,0,1,0,0,0,0,0,0,20
214,1,26,50,7100,0,5,11,0,4,3,2,1,0,4.0,0,0.25,2010,BMW M3,1,54300,11022,198,1,1,0,0,0,0,0,0,0,0,0,0,1,0,0,1,0,0,0,0,0,0,16
215,1,9,59,58000,1,6,12,2,11,0,1,1,0,1.0,1,0.0,2013,BMW M3,1,35333,14969,88,1,1,0,0,0,0,0,0,1,0,0,0,0,0,0,1,0,0,0,0,0,0,3
216,1,12,38,129600,1,6,9,16,8,9,6,1,0,2.0,0,0.2972972972972973,1997,BMW M3,1,17200,11643,265,1,1,0,0,1,0,0,0,0,0,0,0,0,0,0,0,0,1,0,0,0,0,7
217,1,15,48,128800,0,4,12,4,7,11,3,1,0,2.0,1,0.0930232558139534,2006,BMW M3,1,15750,14244,172,1,1,0,0,0,0,0,0,0,0,0,1,0,0,0,1,0,0,0,0,0,0,7
218,1,57,80,67100,1,7,11,3,4,3,2,1,0,6.0,1,-0.015625,2013,BMW M3,1,42806,16563,122,1,1,0,0,0,0,0,0,1,0,0,0,0,0,0,1,0,0,0,0,0,0,21
219,1,10,41,187800,1,5,10,22,11,11,6,1,0,3.0,0,0.0,2001,BMW M3,1,12600,10113,109,1,1,0,0,0,0,1,0,0,0,0,0,0,0,0,1,0,0,0,0,0,0,7
220,0,27,30,105200,1,5,12,10,8,6,2,1,2,4.0,1,0.2307692307692307,2012,BMW M3,1,20500,10120,78,1,1,0,1,0,0,0,0,0,0,0,0,0,0,0,0,0,0,0,0,1,0,15
221,1,46,33,69100,1,6,11,4,5,1,4,1,0,1.0,1,0.2068965517241379,2008,BMW M3,1,33502,10304,62,1,1,0,0,0,0,0,0,0,0,0,0,1,0,0,0,0,0,1,0,0,0,15
222,1,16,20,139600,1,6,10,0,14,4,2,1,0,3.0,1,0.5294117647058824,2006,BMW M3,1,20100,12463,97,1,1,0,0,0,0,0,0,0,0,0,1,0,0,0,0,0,0,0,0,1,0,10
223,1,11,21,78600,1,6,12,7,7,6,4,1,0,1.0,1,0.2222222222222222,2001,BMW M3,1,20250,5704,77,1,1,0,0,0,0,0,0,0,0,1,0,0,0,0,1,0,0,0,0,0,0,7
224,1,24,88,66000,0,5,13,1,7,0,3,1,0,2.0,0,0.2894736842105263,1996,BMW M3,1,38250,35547,230,1,1,0,0,0,0,0,0,0,0,1,0,0,0,0,0,0,1,0,0,0,0,9
225,1,18,31,44900,0,6,11,5,5,1,2,1,0,1.0,0,0.36,2006,BMW M3,1,23825,6234,61,1,1,0,1,0,0,0,0,0,0,0,0,0,0,0,1,0,0,0,0,0,0,9
226,1,24,19,104500,1,6,12,3,14,5,4,1,0,6.0,1,0.7333333333333333,2004,BMW M3,1,21250,5991,116,1,1,0,1,0,0,0,0,0,0,0,0,0,0,0,1,0,0,0,0,0,0,9
227,0,53,54,18300,1,6,11,8,6,3,3,1,0,2.0,1,0.4390243902439024,2009,BMW M3,1,37200,10865,67,1,1,0,1,0,0,0,0,0,0,0,0,0,0,0,1,0,0,0,0,0,0,22
228,0,53,54,18300,1,6,11,8,6,3,3,1,0,2.0,1,0.4390243902439024,2009,BMW M3,1,37200,10868,67,1,1,0,1,0,0,0,0,0,0,0,0,0,0,0,1,0,0,0,0,0,0,22
229,1,37,71,61400,0,6,10,11,5,5,4,1,1,1.0,1,0.4107142857142857,1998,BMW M3,1,39000,10421,144,1,1,0,0,0,0,0,0,0,0,0,1,0,0,0,0,0,1,0,0,0,0,9
230,1,39,49,23900,1,6,9,10,9,2,13,1,2,10.0,0,0.2121212121212121,2009,BMW M3,1,42000,10766,134,1,1,0,0,0,0,1,0,0,0,0,0,0,0,0,1,0,0,0,0,0,0,14
231,1,40,10,65200,1,5,10,8,7,4,3,1,0,4.0,0,0.1111111111111111,2008,BMW M3,1,24250,6028,116,1,1,0,1,0,0,0,0,0,0,0,0,0,0,0,0,0,0,1,0,0,0,11
232,0,25,19,74900,1,6,11,4,4,21,5,1,2,3.0,1,0.4117647058823529,2016,BMW M3,1,43250,13289,141,1,1,1,0,0,0,0,0,0,0,0,0,0,0,0,0,0,0,0,1,0,0,10
233,1,7,31,130000,1,6,10,7,11,11,4,1,2,3.0,0,0.8181818181818182,2010,BMW M3,1,22800,10870,221,1,1,0,1,0,0,0,0,0,0,0,0,0,0,1,0,0,0,0,0,0,0,7
234,1,35,23,42600,1,5,10,1,4,2,5,1,0,2.0,1,0.35,2004,BMW M3,1,25000,9000,85,1,1,0,0,1,0,0,0,0,0,0,0,0,0,0,0,0,1,0,0,0,0,18
235,1,10,53,20100,0,5,9,1,6,1,4,1,0,1.0,0,0.0227272727272727,1997,BMW M3,1,30000,14680,145,1,1,0,0,1,0,0,0,0,0,0,0,0,0,0,0,0,1,0,0,0,0,8
236,1,43,58,180500,1,5,4,19,6,3,1,1,0,2.0,0,0.2682926829268293,1995,BMW M3,1,10100,17007,62,1,1,0,0,0,0,0,0,0,0,0,0,1,0,0,1,0,0,0,0,0,0,22
237,1,16,20,108800,1,5,12,14,7,3,1,1,0,6.0,0,0.7857142857142857,2008,BMW M3,1,18150,7628,94,1,1,0,0,0,0,0,0,0,0,1,0,0,0,0,0,0,0,1,0,0,0,10
238,1,12,31,58400,1,5,9,15,6,3,7,1,2,2.0,0,0.5714285714285714,2012,BMW M3,1,32250,8186,113,1,1,0,0,0,0,1,0,0,0,0,0,0,0,0,0,0,0,0,0,1,0,10
239,1,10,16,30900,1,5,12,0,10,2,4,1,0,4.0,1,0.6,2001,BMW M3,1,27750,7386,179,1,1,0,1,0,0,0,0,0,0,0,0,0,0,0,0,0,1,0,0,0,0,6
240,1,18,73,92800,1,6,13,4,7,5,3,1,0,2.0,1,0.6451612903225806,2008,BMW M3,1,26000,11033,278,1,1,0,0,0,0,0,0,0,0,0,0,1,0,0,0,0,0,0,0,1,0,11
241,1,36,45,79200,1,6,14,5,14,4,6,1,2,4.0,1,0.3783783783783784,1994,BMW M3,1,35250,13327,181,1,1,0,0,1,0,0,0,0,0,0,0,0,0,0,1,0,0,0,0,0,0,8
242,0,51,41,116900,1,5,12,15,14,0,7,1,3,3.0,1,0.2571428571428571,2012,BMW M3,1,22750,8420,143,1,1,0,1,0,0,0,0,0,0,0,0,0,0,0,1,0,0,0,0,0,0,15
243,1,9,33,99500,1,6,10,33,16,5,2,1,2,6.0,1,0.1428571428571428,1998,BMW M3,1,18888,9465,125,1,1,0,0,1,0,0,0,0,0,0,0,0,0,0,0,0,1,0,0,0,0,2
244,1,24,29,46900,0,5,13,5,6,4,3,1,0,3.0,0,0.52,2016,BMW M3,1,46000,12768,127,1,1,0,0,0,0,1,0,0,0,0,0,0,0,0,0,0,0,0,0,0,1,10
245,1,8,25,86800,1,5,9,5,4,6,4,1,0,7.0,1,0.2083333333333333,2006,BMW M3,1,21250,6177,186,1,1,0,0,0,0,0,0,0,0,1,0,0,0,0,1,0,0,0,0,0,0,6
246,1,9,23,97800,1,5,13,29,6,3,3,1,3,1.0,1,0.238095238095238,2011,BMW M3,1,22250,10156,84,1,1,0,1,0,0,0,0,0,0,0,0,0,0,0,0,0,0,0,0,1,0,9
247,1,51,48,67300,1,5,14,9,6,2,2,1,2,1.0,1,0.075,2013,BMW M3,1,32250,8102,113,1,1,0,1,0,0,0,0,0,0,0,0,0,0,0,1,0,0,0,0,0,0,12
248,0,33,34,184200,1,7,12,6,14,10,5,1,0,6.0,1,0.4782608695652174,2002,BMW M3,1,12100,13681,232,1,1,0,1,0,0,0,0,0,0,0,0,0,0,0,0,1,0,0,0,0,0,17
249,1,15,7,79100,1,6,9,8,8,3,4,1,0,3.0,1,0.3333333333333333,2002,BMW M3,1,21500,6048,121,1,1,0,0,0,1,0,0,0,0,0,0,0,0,0,1,0,0,0,0,0,0,10
250,1,4,15,122200,1,6,11,19,7,9,4,1,0,4.0,1,0.6428571428571429,1999,BMW M3,1,20000,9673,176,1,1,0,0,0,0,0,1,0,0,0,0,0,0,1,0,0,0,0,0,0,0,3
251,1,29,50,19300,1,6,11,14,6,6,6,1,0,2.0,1,0.4318181818181818,2015,BMW M3,1,65800,15682,114,1,1,0,0,0,0,0,1,0,0,0,0,0,0,0,1,0,0,0,0,0,0,12
252,1,23,47,73200,1,6,10,23,4,1,7,1,2,3.0,0,0.2894736842105263,2004,BMW M3,1,25500,9229,146,1,1,0,1,0,0,0,0,0,0,0,0,0,0,0,1,0,0,0,0,0,0,6
253,0,35,30,141000,1,4,11,1,9,2,3,1,0,1.0,1,0.6153846153846154,1998,BMW M3,1,15357,10584,173,1,1,0,0,0,0,0,0,0,0,0,1,0,0,0,1,0,0,0,0,0,0,12
254,1,12,55,16100,1,6,9,0,8,1,4,1,0,1.0,0,0.2954545454545454,2013,BMW M3,1,64100,15477,127,1,1,0,0,0,0,0,0,1,0,0,0,0,0,0,1,0,0,0,0,0,0,7
255,1,37,31,63400,1,4,14,4,5,2,3,1,2,1.0,1,0.0,2010,BMW M3,1,29500,8535,86,1,1,0,0,0,0,1,0,0,0,0,0,0,0,1,0,0,0,0,0,0,0,15
256,1,33,53,72600,1,6,9,5,13,3,1,1,0,3.0,0,-0.2558139534883721,2008,BMW M3,1,17250,6922,97,1,1,0,0,0,0,0,0,0,0,1,0,0,0,0,0,0,0,1,0,0,0,18
257,0,9,50,78200,1,6,13,4,10,6,5,1,0,7.0,1,0.3243243243243243,2004,BMW M3,1,28500,9976,245,1,1,0,0,0,0,0,0,0,0,0,1,0,0,0,1,0,0,0,0,0,0,6
258,0,12,14,107300,1,5,15,0,7,8,7,1,0,2.0,1,0.3076923076923077,2008,BMW M3,1,26500,8287,77,1,1,0,1,0,0,0,0,0,0,0,0,0,0,0,1,0,0,0,0,0,0,9
259,1,16,14,24700,1,5,16,0,2,2,4,1,0,2.0,0,0.3333333333333333,2018,BMW M3,1,55000,10017,69,1,1,0,0,0,0,0,0,0,0,0,0,1,0,0,0,0,0,0,1,0,0,8
260,1,10,97,700,1,5,20,0,0,0,2,1,2,0.0,0,0.2083333333333333,2022,BMW M3,1,77777,15711,62,1,1,0,0,0,0,0,0,0,0,1,0,0,0,0,0,0,0,0,0,1,0,5
261,0,30,36,101700,1,7,12,5,8,2,3,1,0,1.0,1,0.3076923076923077,2011,BMW M3,1,26750,12196,101,1,1,0,0,0,0,0,0,0,0,0,0,1,0,0,0,0,0,1,0,0,0,11
262,1,19,22,130600,1,6,10,4,8,8,8,1,0,2.0,1,0.5,2008,BMW M3,1,21250,11159,150,1,1,0,0,0,0,0,0,0,0,0,1,0,0,0,0,0,0,0,0,1,0,11
263,0,20,42,55600,1,6,10,14,3,2,4,1,2,9.0,1,0.125,2006,BMW M3,1,43000,14033,138,1,1,0,0,1,0,0,0,0,0,0,0,0,0,0,1,0,0,0,0,0,0,9
264,1,38,29,42400,1,5,8,15,3,7,7,1,2,4.0,1,0.6,2011,BMW M3,1,42500,10651,156,1,1,0,0,0,0,0,0,0,0,0,0,1,0,0,1,0,0,0,0,0,0,15
265,1,40,75,113100,1,6,11,7,5,4,6,1,0,4.0,1,0.6451612903225806,2006,BMW M3,1,35750,28220,146,1,1,0,0,1,0,0,0,0,0,0,0,0,0,0,0,1,0,0,0,0,0,13
266,1,36,47,60400,1,7,10,5,6,4,3,1,0,5.0,1,0.275,2011,BMW M3,1,41000,13233,198,1,1,0,1,0,0,0,0,0,0,0,0,0,0,0,1,0,0,0,0,0,0,13
267,1,40,93,102000,0,6,10,9,7,5,2,1,0,5.0,1,0.2597402597402597,2008,BMW M3,1,26500,12148,55,1,1,0,0,0,0,0,0,0,0,0,0,1,0,1,0,0,0,0,0,0,0,13
268,1,22,35,80900,1,7,14,5,5,5,6,1,0,3.0,1,0.56,2012,BMW M3,1,33750,13645,81,1,1,0,0,0,0,1,0,0,0,0,0,0,0,0,1,0,0,0,0,0,0,7
269,1,11,18,157600,0,6,10,7,10,2,2,1,2,1.0,1,0.0666666666666666,2003,BMW M3,1,17000,11633,69,1,1,0,0,0,0,1,0,0,0,0,0,0,0,0,1,0,0,0,0,0,0,7
270,1,27,58,124400,0,6,7,12,5,8,9,1,2,3.0,1,0.58,1997,BMW M3,1,25000,18632,107,1,1,0,0,0,0,0,0,0,0,0,0,1,0,0,1,0,0,0,0,0,0,12
271,1,32,117,67800,1,5,7,35,10,3,4,1,2,3.0,1,0.1981132075471698,2001,BMW M3,1,29000,15553,82,1,1,0,0,0,0,1,0,0,0,0,0,0,0,0,1,0,0,0,0,0,0,12
