,make_model,cumsum
BMW M3,272.0,3.236168947055324
Porsche 911,264.0,6.377156454491375
Chevrolet Corvette,205.0,8.816180844735277
Ford Mustang,185.0,11.017251635930995
Mazda MX-5 Miata,167.0,13.004164187983344
Toyota Land Cruiser,155.0,14.848304580606781
BMW M5,122.0,16.299821534800714
Porsche Cayenne,117.0,17.6918500892326
Porsche Boxster,100.0,18.88161808447353
Audi S4,98.0,20.047590719809637
Jeep Wrangler,97.0,21.201665675193336
Toyota 4Runner,93.0,22.3081499107674
Lexus LX 470,91.0,23.390838786436642
Land Rover Range Rover,78.0,24.318857822724567
Ford F-150,75.0,25.211183819155263
Subaru WRX STI,71.0,26.055919095776325
Chevrolet Camaro,69.0,26.876859012492567
Ford Bronco,69.0,27.697798929208805
Mercedes-Benz E63 AMG,60.0,28.41165972635336
Mercedes-Benz C63 AMG,59.0,29.11362284354551
Porsche Cayman,59.0,29.815585960737657
Honda S2000,58.0,30.505651397977395
Toyota FJ Cruiser,55.0,31.160023795359905
Tesla Model 3,55.0,31.814396192742418
Rivian R1T,55.0,32.468768590124924
MINI Cooper,54.0,33.11124330755503
Land Rover Defender,54.0,33.75371802498513
Toyota Tacoma,53.0,34.38429506246282
BMW 335i,50.0,34.97917906008328
BMW 328i,50.0,35.574063057703746
Tesla Model S,48.0,36.14515169541939
Subaru WRX,43.0,36.656751933372995
BMW 540i,42.0,37.15645449137418
Mercedes-Benz SL500,41.0,37.64425936942296
Mercedes-Benz E55 AMG,41.0,38.13206424747174
Volkswagen GTI,39.0,38.59607376561571
BMW M4,38.0,39.048185603807255
BMW X5,38.0,39.50029744199881
Land Rover Discovery,36.0,39.92861392028554
BMW 135i,36.0,40.356930398572274
Ford F-250,35.0,40.77334919690661
Lexus GX 470,35.0,41.18976799524093
Audi S6,35.0,41.60618679357525
BMW 325i,34.0,42.01070791195717
Jeep Cherokee,34.0,42.415229030339084
Tesla Model X,34.0,42.819750148721
Land Rover Range Rover Sport,33.0,43.2123735871505
BMW M2,33.0,43.60499702558001
Honda Civic,32.0,43.98572278405711
Nissan 300ZX,32.0,44.3664485425342
Audi R8,31.0,44.735276621058894
GMC Sierra,31.0,45.10410469958358
BMW 740i,31.0,45.47293277810827
Ford Mustang SVT Cobra,31.0,45.84176085663296
Mitsubishi Lancer Evolution,31.0,46.210588935157645
Honda Prelude,30.0,46.567519333729926
BMW Z3 M,30.0,46.9244497323022
Audi TT,29.0,47.26948245092207
Porsche Panamera,29.0,47.61451516954194
BMW M6,29.0,47.95954788816181
Mazda RX-7,29.0,48.30458060678168
BMW 330i,29.0,48.649613325401546
Porsche Macan,28.0,48.982748364069
Volvo S60,28.0,49.31588340273647
Ford F-350,28.0,49.649018441403925
Dodge Challenger,28.0,49.98215348007138
Dodge Ram,28.0,50.315288518738846
Nissan 350Z,27.0,50.6365258774539
Porsche 944,27.0,50.95776323616895
Ford F-150 Raptor,27.0,51.279000594883996
Toyota Supra,27.0,51.60023795359905
Mercedes-Benz S550,26.0,51.90957763236169
Audi S5,26.0,52.218917311124336
Pontiac Firebird,25.0,52.51635930993457
Mercedes-Benz S600,25.0,52.81380130874479
Audi A4,25.0,53.11124330755502
Mitsubishi Pajero,25.0,53.40868530636526
Mercedes-Benz E320,25.0,53.706127305175485
BMW 330Ci,25.0,54.00356930398572
BMW 550i,24.0,54.289113622843544
Rivian R1S,24.0,54.57465794170137
Nissan GT-R,24.0,54.86020226055919
Volkswagen Golf R,24.0,55.14574657941701
Mercedes-Benz E550,24.0,55.43129089827483
BMW 320i,23.0,55.70493753718026
Mitsubishi Delica,23.0,55.97858417608567
BMW 535i,23.0,56.25223081499108
Audi S8,23.0,56.52587745389649
Cadillac CTS-V,23.0,56.7995240928019
BMW Z3,23.0,57.073170731707314
Jaguar F-Type,23.0,57.34681737061273
Jeep Grand Cherokee,22.0,57.60856632956573
Saab 9-3,22.0,57.87031528851874
BMW Z4,22.0,58.13206424747174
Mercedes-Benz E350,21.0,58.38191552647234
Toyota HiAce,21.0,58.63176680547293
Tesla Model Y,20.0,58.86972040452112
BMW 328xi,20.0,59.1076740035693
Volkswagen Eurovan,20.0,59.34562760261749
Mazda Mazdaspeed MX-5,20.0,59.58358120166568
Toyota MR2,20.0,59.82153480071386
Honda Accord,20.0,60.05948839976205
Saab 9-2X,20.0,60.29744199881023
Hummer EV Pickup,20.0,60.53539559785842
Chevrolet Suburban,20.0,60.7733491969066
Acura Integra,20.0,61.01130279595479
Toyota Pickup,20.0,61.24925639500297
Lexus LS 430,20.0,61.48720999405116
Volvo V70,19.0,61.71326591314694
Toyota Tundra,19.0,61.93932183224271
Dodge Viper,19.0,62.16537775133849
Mitsubishi 3000GT,18.0,62.37953599048186
Chevrolet C/K Series,18.0,62.59369422962522
BMW Z4 M,18.0,62.80785246876859
Acura TL,18.0,63.02201070791196
Subaru Impreza,18.0,63.236168947055326
Mercedes-Benz Sprinter,18.0,63.4503271861987
Lexus IS F,17.0,63.652587745389646
Chevrolet Tahoe,17.0,63.8548483045806
Porsche 718 Cayman,17.0,64.05710886377156
Lexus IS 300,17.0,64.25936942296252
Lexus SC 430,17.0,64.46162998215348
Chevrolet Silverado,17.0,64.66389054134444
Fiat 500 Abarth,17.0,64.86615110053539
Toyota Celica,16.0,65.05651397977394
Mercedes-Benz G500,16.0,65.24687685901249
Nissan Skyline,16.0,65.43723973825104
Audi A8,16.0,65.62760261748959
Audi RS 4,16.0,65.81796549672814
Audi RS 5,16.0,66.00832837596668
Toyota Hilux,16.0,66.19869125520523
Volkswagen Touareg,16.0,66.38905413444378
Mercedes-Benz SL600,16.0,66.57941701368233
GMC Yukon,16.0,66.76977989292088
Ford Excursion,15.0,66.94824509220702
Subaru BRZ,15.0,67.12671029149317
Acura RSX,15.0,67.3051754907793
Mercedes-Benz C43 AMG,15.0,67.48364069006544
Audi RS 7,15.0,67.66210588935158
Lexus LX 450,15.0,67.84057108863772
Audi RS 6,15.0,68.01903628792385
Mercedes-Benz G550,15.0,68.19750148721
Lexus LS 400,15.0,68.37596668649614
BMW 530i,15.0,68.55443188578228
Chevrolet Blazer,15.0,68.73289708506842
BMW 328d,15.0,68.91136228435455
Jaguar XKR,15.0,69.08982748364069
Audi A6,14.0,69.25639500297443
Ford Focus ST,14.0,69.42296252230815
Nissan 370Z,14.0,69.58953004164188
BMW M235i,14.0,69.7560975609756
Jeep Gladiator,14.0,69.92266508030934
Chevrolet SS,14.0,70.08923259964307
Acura NSX,14.0,70.2558001189768
Mercedes-Benz AMG GT,13.0,70.41046995835812
BMW 535xi,13.0,70.56513979773943
Subaru Baja,13.0,70.71980963712076
Honda Del Sol,13.0,70.87447947650209
Volkswagen R32,13.0,71.0291493158834
Audi RS 3,13.0,71.18381915526473
Mercedes-Benz ML63 AMG,13.0,71.33848899464604
Volkswagen Passat,13.0,71.49315883402735
Subaru Forester,13.0,71.64782867340868
Mercedes-Benz G63 AMG,13.0,71.80249851279001
BMW 740iL,12.0,71.94527067221892
Ford Fiesta ST,12.0,72.08804283164783
Mercedes-Benz SL550,12.0,72.23081499107674
BMW 650i,12.0,72.37358715050564
Mercedes-Benz 380SL,12.0,72.51635930993456
Ford Focus RS,12.0,72.65913146936347
Mercedes-Benz 560SL,12.0,72.80190362879239
Hummer H2,12.0,72.94467578822129
Mercedes-Benz SL55 AMG,12.0,73.0874479476502
Lexus SC 400,12.0,73.23022010707912
Honda CRX,12.0,73.37299226650804
Volkswagen Jetta,12.0,73.51576442593695
Mercedes-Benz 300TD,12.0,73.65853658536585
Ford Thunderbird,12.0,73.80130874479477
Porsche 928,12.0,73.94408090422367
GMC Suburban,11.0,74.07495538370019
Maserati Quattroporte,11.0,74.20582986317667
BMW i8,11.0,74.33670434265318
Alfa Romeo Giulia,11.0,74.46757882212968
Mercedes-Benz S65 AMG,11.0,74.59845330160618
BMW X3,11.0,74.72932778108269
Aston Martin V8 Vantage,11.0,74.86020226055919
Mazda Mazdaspeed 3,11.0,74.9910767400357
Mercedes-Benz CLK 55 AMG,11.0,75.1219512195122
Volvo V60,11.0,75.2528256989887
Lotus Esprit,11.0,75.38370017846519
Scion FR-S,11.0,75.51457465794171
Lexus LX 570,10.0,75.6335514574658
BMW 850i,10.0,75.75252825698988
BMW M240i,10.0,75.87150505651398
Ram 1500,10.0,75.99048185603807
BMW 750iL,10.0,76.10945865556216
Mercedes-Benz CLK430,10.0,76.22843545508627
Mercedes-Benz S63 AMG,10.0,76.34741225461035
Infiniti Q45,10.0,76.46638905413444
BMW 435i,10.0,76.58536585365854
Volvo C30,9.0,76.69244497323022
BMW 335is,9.0,76.7995240928019
Cadillac Escalade,9.0,76.9066032123736
Mercedes-Benz CLS 63 AMG,9.0,77.01368233194526
Ferrari F430,9.0,77.12076145151696
Chevrolet Impala,9.0,77.22784057108863
Toyota Celsior,9.0,77.33491969066031
Jaguar XJR,9.0,77.44199881023201
Ferrari 360,9.0,77.54907792980369
Mercedes-Benz E500,9.0,77.65615704937538
Lotus Evora,9.0,77.76323616894706
Bentley Continental GT,9.0,77.87031528851874
Mercedes-Benz C300,9.0,77.97739440809042
Ford Taurus,9.0,78.0844735276621
Pontiac GTO,9.0,78.19155264723379
Ford Ranger,9.0,78.29863176680547
Saab 9-5,9.0,78.40571088637715
BMW M6 Gran Coupe,9.0,78.51279000594884
BMW 525i,9.0,78.61986912552052
Dodge Charger,9.0,78.72694824509222
Lexus GX 460,9.0,78.8340273646639
Mercedes-Benz 560SEL,9.0,78.94110648423558
Mercedes-Benz CL63 AMG,8.0,79.03628792385486
Ram 2500,8.0,79.13146936347412
Audi S7,8.0,79.2266508030934
Daihatsu Midget,8.0,79.32183224271267
BMW 325is,8.0,79.41701368233196
Mercedes-Benz CL600,8.0,79.51219512195122
Subaru Legacy,8.0,79.6073765615705
Mercedes-Benz SLK55 AMG,8.0,79.70255800118977
Jaguar XJS,8.0,79.79773944080904
Acura Legend,8.0,79.89292088042832
Mercedes-Benz SL65 AMG,8.0,79.98810232004759
Hummer H3T,8.0,80.08328375966687
Audi Allroad,8.0,80.17846519928614
BMW Alpina B7,8.0,80.27364663890542
BMW 530xi,8.0,80.36882807852469
Honda Beat,8.0,80.46400951814397
Saturn Sky,8.0,80.55919095776324
Maserati GranTurismo,8.0,80.65437239738252
Pontiac Solstice,8.0,80.74955383700178
BMW 340i,8.0,80.84473527662107
Honda Integra,8.0,80.93991671624033
Jaguar S-Type,7.0,81.0232004759072
BMW 323i,7.0,81.10648423557406
Volvo XC70,7.0,81.18976799524093
MINI Cooper Clubman,7.0,81.27305175490778
Datsun 280ZX,7.0,81.35633551457467
Toyota Corolla,7.0,81.43961927424152
Ford Bronco Raptor,7.0,81.52290303390839
Mercedes-Benz 190E,7.0,81.60618679357525
Volkswagen Phaeton,7.0,81.68947055324212
Lotus Elise,7.0,81.77275431290897
Mercedes-Benz CLS 55 AMG,7.0,81.85603807257584
Toyota RAV4,7.0,81.93932183224271
Porsche Taycan,7.0,82.02260559190958
Pontiac G8,7.0,82.10588935157645
BMW 750i,7.0,82.1891731112433
Porsche 968,7.0,82.27245687091018
Chrysler 300,7.0,82.35574063057703
Aston Martin DB9,7.0,82.4390243902439
BMW X5 M,7.0,82.52230814991077
BMW 325Ci,7.0,82.60559190957764
Mitsubishi Montero,7.0,82.6888756692445
Tesla Roadster,6.0,82.76026174895895
Toyota Century,6.0,82.83164782867341
Jaguar XF,6.0,82.90303390838787
Jaguar XK,6.0,82.97441998810233
Chevrolet Caprice,6.0,83.04580606781677
Audi A7,6.0,83.11719214753123
Mercedes-Benz GLC 63 AMG,6.0,83.18857822724569
Audi S3,6.0,83.25996430696014
Mazda RX-8,6.0,83.3313503866746
AM General M998,6.0,83.40273646638904
Cadillac DeVille,6.0,83.47412254610352
BMW 325e,6.0,83.54550862581796
Alfa Romeo Spider,6.0,83.61689470553242
BMW 635CSi,6.0,83.68828078524689
Cadillac Seville,6.0,83.75966686496133
Mercedes-Benz SL63 AMG,6.0,83.83105294467579
BMW 330xi,6.0,83.90243902439025
Jaguar XJ6,6.0,83.9738251041047
Land Rover LR4,6.0,84.04521118381916
BMW 128i,6.0,84.1165972635336
Mercedes-Benz S320,6.0,84.18798334324806
Maserati GranSport,6.0,84.25936942296252
Jaguar XJ,6.0,84.33075550267698
Toyota MR2 Spyder,6.0,84.40214158239144
Mercedes-Benz CL55 AMG,6.0,84.47352766210588
BMW 325iX,6.0,84.54491374182035
Mercedes-Benz S420,6.0,84.6162998215348
Mercedes-Benz GLE 43 AMG,6.0,84.68768590124925
Lincoln Town Car,6.0,84.75907198096371
Lexus LS 460,6.0,84.83045806067817
Cadillac CTS,6.0,84.90184414039263
Buick Roadmaster,6.0,84.97323022010707
Suzuki Cappuccino,6.0,85.04461629982153
Nissan 240SX,6.0,85.116002379536
Ford Crown Victoria,6.0,85.18738845925044
Bentley Continental,6.0,85.2587745389649
Lamborghini Gallardo,6.0,85.33016061867936
Volkswagen Beetle,6.0,85.40154669839382
Chevrolet SSR,6.0,85.47293277810827
Ford Maverick,6.0,85.54431885782272
BMW 325xi,6.0,85.61570493753719
Ford Explorer,6.0,85.68709101725163
BMW Alpina B6 Gran Coupe,6.0,85.75847709696609
Jeep CJ-7,6.0,85.82986317668055
Buick Regal,5.0,85.88935157644259
Porsche 718 Boxster,5.0,85.94883997620464
Chrysler Crossfire,5.0,86.0083283759667
Mercedes-Benz GLA 45 AMG,5.0,86.06781677572873
Volvo S80,5.0,86.12730517549078
Suzuki Jimny,5.0,86.18679357525284
Aston Martin Vantage,5.0,86.24628197501487
Jaguar F-Pace,5.0,86.30577037477691
Ferrari California,5.0,86.36525877453897
GMC Savana,5.0,86.424747174301
Rolls-Royce Ghost,5.0,86.48423557406306
Jeep Grand Wagoneer,5.0,86.54372397382511
Mercedes-Benz GLE 63 AMG,5.0,86.60321237358714
Mercury Grand Marquis,5.0,86.6627007733492
Mercedes-Benz S500,5.0,86.72218917311125
Nissan Gloria,5.0,86.78167757287329
Eagle Talon,5.0,86.84116597263534
Volkswagen Vanagon,5.0,86.90065437239738
MINI Cooper Coupe,5.0,86.96014277215943
Toyota Crown,5.0,87.01963117192147
Audi Coupe,5.0,87.07911957168352
Lexus SC 300,5.0,87.13860797144557
Suzuki Carry Truck,5.0,87.19809637120761
Toyota Camry,5.0,87.25758477096967
Mitsubishi Eclipse,5.0,87.3170731707317
Lincoln Navigator,5.0,87.37656157049375
Mercedes-Benz 560SEC,5.0,87.43604997025581
Mercedes-Benz CLK500,5.0,87.49553837001784
Mercedes-Benz C55 AMG,5.0,87.5550267697799
Audi A3,5.0,87.61451516954195
BMW X6 M,5.0,87.67400356930398
Mercedes-Benz CLA 45 AMG,5.0,87.73349196906604
Subaru SVX,5.0,87.79298036882808
Subaru Vivio,5.0,87.85246876859011
Dodge Durango,5.0,87.91195716835217
Mercury Marauder,5.0,87.97144556811422
Infiniti G35,5.0,88.03093396787627
BMW 528i,5.0,88.09042236763831
Dodge Stealth,5.0,88.14991076740036
BMW 318i,5.0,88.2093991671624
BMW 135is,5.0,88.26888756692445
Fiat 500,5.0,88.32837596668651
Chevrolet Colorado,5.0,88.38786436644854
Isuzu VehiCROSS,5.0,88.44735276621059
Mercedes-Benz 300CE,5.0,88.50684116597265
Toyota Liteace,5.0,88.56632956573468
Dodge Dakota,4.0,88.61392028554432
Bentley Arnage,4.0,88.66151100535396
Honda Element,4.0,88.70910172516359
Toyota Sera,4.0,88.75669244497323
Plymouth Prowler,4.0,88.80428316478287
Maserati Coupe,4.0,88.85187388459251
Lamborghini Huracan,4.0,88.89946460440214
TVR Chimaera,4.0,88.94705532421177
Nissan Pathfinder,4.0,88.99464604402142
BMW M8,4.0,89.04223676383106
Autozam AZ-1,4.0,89.08982748364069
Alfa Romeo Stelvio,4.0,89.13741820345032
Mercedes-Benz SLK280,4.0,89.18500892325997
Mercedes-Benz SLK230,4.0,89.2325996430696
Alfa Romeo 4C,4.0,89.28019036287924
Maserati Spyder,4.0,89.32778108268887
Aston Martin Virage,4.0,89.37537180249852
Volvo 240,4.0,89.42296252230815
Dodge Magnum,4.0,89.47055324211779
BMW 435xi,4.0,89.51814396192742
Mercedes-Benz CL550,4.0,89.56573468173707
Cadillac XLR,4.0,89.61332540154669
Jaguar XK8,4.0,89.66091612135634
Ford F-450,4.0,89.70850684116597
Audi TTS,4.0,89.75609756097562
Chrysler PT Cruiser,4.0,89.80368828078524
Chevrolet S10,4.0,89.85127900059489
BMW 440xi,4.0,89.89886972040452
Mercedes-Benz CL65 AMG,4.0,89.94646044021415
Volkswagen Golf,4.0,89.99405116002379
Infiniti G37,4.0,90.04164187983343
BMW Z8,4.0,90.08923259964307
Chrysler LeBaron,4.0,90.1368233194527
Audi SQ5,4.0,90.18441403926234
Mercedes-Benz 300SD,4.0,90.23200475907198
GMC Sonoma,4.0,90.27959547888162
BMW 840Ci,4.0,90.32718619869125
Toyota Bandeirante,4.0,90.37477691850088
Mitsubishi Galant,4.0,90.42236763831053
Hyundai Genesis Coupe,4.0,90.46995835812017
Ford Mustang Mach-E,4.0,90.5175490779298
Chevrolet Express,4.0,90.56513979773943
Suzuki Cervo,4.0,90.61273051754908
Mercedes-Benz SL320,4.0,90.66032123735872
Pontiac Grand Prix,4.0,90.70791195716835
Mercedes-Benz 230GE,4.0,90.75550267697798
Nissan Cedric,4.0,90.80309339678763
Toyota Soarer,4.0,90.85068411659726
Ram 3500,4.0,90.8982748364069
Lexus GS 300,4.0,90.94586555621655
Polaris Slingshot,4.0,90.99345627602618
BMW 318ti,4.0,91.04104699583581
Pontiac Fiero,3.0,91.07674003569304
Mercedes-Benz CLK 63 AMG,3.0,91.11243307555027
BMW 318is,3.0,91.14812611540749
Morgan 3-Wheeler,3.0,91.18381915526473
Mercedes-Benz G55 AMG,3.0,91.21951219512195
Ford Fiesta,3.0,91.25520523497917
Mazda Bongo,3.0,91.29089827483641
Mercedes-Benz 500SEC,3.0,91.32659131469364
Vanderhall Carmel,3.0,91.36228435455087
Mercedes-Benz SLS AMG,3.0,91.39797739440809
Audi Q7,3.0,91.43367043426531
Fiat 124 Spider,3.0,91.46936347412255
Mercedes-Benz E430,3.0,91.50505651397978
Mercedes-Benz GL63 AMG,3.0,91.540749553837
Cadillac CT5-V,3.0,91.57644259369422
Bentley Flying Spur,3.0,91.61213563355146
Mercedes-Benz S560,3.0,91.64782867340868
Audi 5000,3.0,91.68352171326592
Volvo V90,3.0,91.71921475312314
BMW 1 Series M,3.0,91.75490779298036
Jaguar XJ8,3.0,91.7906008328376
Volkswagen Rabbit,3.0,91.82629387269482
Audi TTRS,3.0,91.86198691255206
Ferrari 328,3.0,91.89767995240928
BMW 228i,3.0,91.9333729922665
Volkswagen Corrado,3.0,91.96906603212373
Dodge Ramcharger,3.0,92.00475907198097
Mercedes-Benz SL400,3.0,92.04045211183819
Chevrolet HHR,3.0,92.07614515169541
GMC Typhoon,3.0,92.11183819155264
BMW M550i xDrive,3.0,92.14753123140987
Mercedes-Benz CLS550,3.0,92.18322427126711
Jeep Comanche,3.0,92.21891731112433
Toyota Solara,3.0,92.25461035098157
Mercedes-Benz G320,3.0,92.29030339083879
BMW 335xi,3.0,92.32599643069601
Rolls-Royce Silver Spur,3.0,92.36168947055324
Mercedes-Benz CLK320,3.0,92.39738251041048
Audi 4000,3.0,92.4330755502677
McLaren MP4-12C,3.0,92.46876859012492
Cadillac XLR-V,3.0,92.50446162998215
Nissan Figaro,3.0,92.54015466983938
Stewart & Stevenson M1078 LMTV,3.0,92.57584770969662
Laforza Laforza,3.0,92.61154074955384
Mercury Capri,3.0,92.64723378941106
BMW X6,3.0,92.6829268292683
Acura CL,3.0,92.71861986912552
Mitsubishi Minica,3.0,92.75431290898275
Cadillac CT4-V,3.0,92.79000594883998
Nissan Sentra,3.0,92.8256989886972
Buick Grand National,3.0,92.86139202855443
Volvo 740,3.0,92.89708506841166
Mercedes-Benz 300SE,3.0,92.93277810826889
Mercedes-Benz C230,3.0,92.96847114812611
Mitsubishi Lancer,3.0,93.00416418798333
Ford Focus,3.0,93.03985722784057
Hyundai Equus,3.0,93.0755502676978
Mercedes-Benz S350,3.0,93.11124330755503
Toyota Mark II,3.0,93.14693634741225
Mercedes-Benz E300,3.0,93.18262938726947
Ford E-350,3.0,93.21832242712671
Ferrari 458,3.0,93.25401546698394
Chevrolet Avalanche,3.0,93.28970850684117
Mercedes-Benz ML55 AMG,3.0,93.3254015466984
Kia Stinger,3.0,93.36109458655562
Mercedes-Benz 300GD,3.0,93.39678762641284
Aston Martin DB7,3.0,93.43248066627008
Lexus LC 500,3.0,93.4681737061273
Aston Martin Rapide,3.0,93.50386674598454
Subaru Sambar,3.0,93.53955978584176
Saab 900,3.0,93.57525282569898
Suzuki Samurai,2.0,93.5990481856038
Hyundai Veloster,2.0,93.62284354550863
Audi Cabriolet,2.0,93.64663890541345
Mitsubishi GTO,2.0,93.67043426531826
Bentley Bentayga,2.0,93.69422962522307
Lamborghini Aventador,2.0,93.7180249851279
Audi RS Q8,2.0,93.74182034503272
Mercedes-Benz 300E,2.0,93.76561570493753
Ford Contour,2.0,93.78941106484235
Mitsubishi RVR,2.0,93.81320642474718
Jeep Liberty,2.0,93.837001784652
Nissan Homy,2.0,93.86079714455681
Toyota 86,2.0,93.88459250446162
Mercury Sable,2.0,93.90838786436645
Chevrolet Monte Carlo,2.0,93.93218322427127
Toyota Caldina,2.0,93.95597858417608
Volvo V50,2.0,93.9797739440809
Isuzu Impulse,2.0,94.00356930398573
Nissan President,2.0,94.02736466389055
Ford E-450,2.0,94.05116002379536
AM General M1045A2,2.0,94.07495538370017
Mercedes-Benz C320,2.0,94.098750743605
Nissan Frontier,2.0,94.12254610350982
Honda CR-V,2.0,94.14634146341463
Suzuki Wagon R,2.0,94.17013682331945
Chevrolet Trailblazer,2.0,94.19393218322428
Lexus IS 500,2.0,94.21772754312909
Plymouth Voyager,2.0,94.2415229030339
Plymouth Gran Fury,2.0,94.26531826293872
BMW 316i,2.0,94.28911362284354
Nissan Vanette,2.0,94.31290898274837
McLaren GT,2.0,94.33670434265319
Mercedes-Benz 500SL,2.0,94.360499702558
Mercedes-Benz ML350 BlueTec,2.0,94.38429506246283
Karma Revero,2.0,94.40809042236764
BMW 850Ci,2.0,94.43188578227246
Dodge Ram Van,2.0,94.45568114217727
Honda Insight,2.0,94.4794765020821
Lexus RC F,2.0,94.50327186198692
Toyota Sequoia,2.0,94.52706722189174
Mercedes-Benz SLK250,2.0,94.55086258179655
Mercedes-Benz R63 AMG,2.0,94.57465794170136
Jaguar XJL,2.0,94.59845330160618
Nissan Pickup,2.0,94.62224866151101
BMW 645Ci,2.0,94.64604402141582
Mercedes-Benz GLE 53 AMG,2.0,94.66983938132064
Ferrari Portofino,2.0,94.69363474122547
Lexus ES 250,2.0,94.71743010113029
Ford Escort,2.0,94.7412254610351
Peugeot 405,2.0,94.76502082093991
Suzuki X-90,2.0,94.78881618084473
Caterham Seven,2.0,94.81261154074956
Ford Transit,2.0,94.83640690065437
Saab 9-4X,2.0,94.86020226055919
Factory Five Roadster,2.0,94.88399762046402
Mazda B2000,2.0,94.90779298036884
Mercedes-Benz 300D,2.0,94.93158834027365
Cadillac Eldorado,2.0,94.95538370017846
BMW 545i,2.0,94.97917906008328
Lucid Air,2.0,95.0029744199881
Mercedes-Benz S430,2.0,95.02676977989292
Isuzu Amigo,2.0,95.05056513979774
BMW 428i,2.0,95.07436049970256
Ford GT,2.0,95.09815585960737
Chevrolet G20,2.0,95.1219512195122
BMW 735i,2.0,95.14574657941701
McLaren 570S,2.0,95.16954193932183
Peugeot 106,2.0,95.19333729922666
Honda Today,2.0,95.21713265913147
Cadillac CT6-V,2.0,95.24092801903629
Mercedes-Benz CL500,2.0,95.26472337894111
BMW 528e,2.0,95.28851873884592
Smart Crossblade,2.0,95.31231409875073
Volkswagen CC,2.0,95.33610945865556
Mercedes-Benz E400,2.0,95.35990481856038
Audi A5,2.0,95.3837001784652
Rover Mini,2.0,95.40749553837001
Mercedes-Benz S55 AMG,2.0,95.43129089827484
Buick Reatta,2.0,95.45508625817966
Toyota Cresta,2.0,95.47888161808447
Maserati Biturbo,2.0,95.50267697798928
Toyota Granvia,2.0,95.5264723378941
Geo Tracker,2.0,95.55026769779893
Subaru Outback,2.0,95.57406305770375
Mitsuoka Viewt,2.0,95.59785841760856
Mercedes-Benz CLK550,2.0,95.62165377751339
BMW 650i Gran Coupe,2.0,95.6454491374182
BMW 640i Gran Coupe,2.0,95.66924449732302
Mercedes-Benz C36 AMG,2.0,95.69303985722783
Nissan Safari,2.0,95.71683521713265
Superformance Mark III,2.0,95.74063057703748
Mercedes-Benz GLS 550,2.0,95.7644259369423
Bentley Continental Flying Spur,2.0,95.78822129684713
Chevrolet Cobalt,2.0,95.81201665675194
Mercedes-Benz 380SLC,2.0,95.83581201665675
Toyota Mega Cruiser,2.0,95.85960737656157
BMW 760Li,2.0,95.8834027364664
Rolls-Royce Phantom,2.0,95.9071980963712
Nissan Pao,2.0,95.93099345627603
Toyota Avalon,2.0,95.95478881618085
Daihatsu Mira,2.0,95.97858417608566
Yugo GV,2.0,96.00237953599049
Geo Metro,2.0,96.0261748958953
Isuzu Bighorn,2.0,96.04997025580012
Bentley Turbo R,2.0,96.07376561570494
Jaguar X-Type,2.0,96.09756097560975
Cadillac Fleetwood,2.0,96.12135633551458
BMW 750Li,2.0,96.1451516954194
Hummer H1,2.0,96.16894705532421
Maserati Levante,2.0,96.19274241522902
Ford Transit Connect,2.0,96.21653777513384
Audi 200,2.0,96.24033313503867
Mercedes-Benz E450,2.0,96.26412849494349
McLaren 600LT,2.0,96.2879238548483
Cadillac ATS-V,2.0,96.31171921475313
Alfa Romeo 164,2.0,96.33551457465795
Maserati Ghibli,2.0,96.35930993456276
Audi SQ8,2.0,96.38310529446757
Land Rover Range Rover Velar,2.0,96.4069006543724
BMW M340i,2.0,96.43069601427722
Nissan Xterra,2.0,96.45449137418204
Ferrari 348,2.0,96.47828673408685
Mercedes-Benz GLS 63 AMG,2.0,96.50208209399167
Daihatsu Rocky,2.0,96.5258774538965
Chevrolet Caprice Classic,2.0,96.54967281380131
Isuzu Trooper,2.0,96.57346817370612
Ferrari Testarossa,2.0,96.59726353361094
Aston Martin Vanquish,2.0,96.62105889351577
Mercedes-Benz C220,2.0,96.64485425342059
Suzuki Alto,2.0,96.6686496133254
BMW 430i,1.0,96.68054729327781
Infiniti Q60,1.0,96.69244497323022
LTI TXII,1.0,96.70434265318264
BMW 316,1.0,96.71624033313503
Volkswagen Polo,1.0,96.72813801308745
BMW 323iS,1.0,96.74003569303986
Audi V8,1.0,96.75193337299227
Mazda Formula,1.0,96.76383105294467
Toyota Estima,1.0,96.77572873289708
Polestar 1,1.0,96.78762641284949
Toyota Dolphin,1.0,96.7995240928019
Mercedes-Benz E320 Bluetec,1.0,96.81142177275431
Jeep Scrambler,1.0,96.82331945270673
Race Car Replicas GT40,1.0,96.83521713265914
Toyota Carina,1.0,96.84711481261155
BMW Alpina B3 3.2,1.0,96.85901249256395
BMW iX,1.0,96.87091017251636
Mitsubishi Diamante,1.0,96.88280785246877
Nissan Primera,1.0,96.89470553242117
Mercedes-Benz GLS 580,1.0,96.90660321237358
Daihatsu Terios,1.0,96.918500892326
BMW X3 M,1.0,96.9303985722784
Mercedes-Benz ML430,1.0,96.94229625223082
Nissan NV,1.0,96.95419393218322
Infiniti I35,1.0,96.96609161213563
Mercedes-Benz 600SEL,1.0,96.97798929208804
Citroen 2CV,1.0,96.98988697204045
Subaru Brat,1.0,97.00178465199286
Local Motors Rally Fighter,1.0,97.01368233194528
Genesis G90,1.0,97.02558001189769
MINI Cooper Roadster,1.0,97.0374776918501
Nissan Cima,1.0,97.0493753718025
McLaren 650S,1.0,97.06127305175491
Bentley Brooklands,1.0,97.07317073170731
E-One 110,1.0,97.08506841165972
BMW 328iT,1.0,97.09696609161213
Volkswagen Arteon,1.0,97.10886377156454
Mercedes-Benz 240GD,1.0,97.12076145151696
Alfa Romeo GTV,1.0,97.13265913146937
Ford E-150,1.0,97.14455681142177
Volvo 940,1.0,97.15645449137418
Chevrolet G10,1.0,97.16835217132659
Buick Riviera,1.0,97.180249851279
Lamborghini Diablo,1.0,97.19214753123141
BMW 628CSi,1.0,97.20404521118382
Fisker Karma,1.0,97.21594289113624
Oldsmobile Cutlass Supreme,1.0,97.22784057108865
Plymouth Neon,1.0,97.23973825104105
Dodge Lancer,1.0,97.25163593099346
Oldsmobile Alero,1.0,97.26353361094586
AM General H1,1.0,97.27543129089827
BMW 633CSi,1.0,97.28732897085068
Toyota Sprinter,1.0,97.29922665080309
Honda Stepwgn,1.0,97.3111243307555
Backdraft Racing Roadster,1.0,97.32302201070792
Nissan Bluebird,1.0,97.33491969066033
DeLorean DMC-12,1.0,97.34681737061273
Kia K900,1.0,97.35871505056514
Ferrari F355,1.0,97.37061273051755
Volkswagen Golf Alltrack,1.0,97.38251041046996
Volkswagen Scirocco,1.0,97.39440809042237
Infiniti M45,1.0,97.40630577037479
Stewart & Stevenson M1087 FMTV,1.0,97.41820345032718
Mercedes-Benz E320 CDI,1.0,97.4301011302796
Citroen XM,1.0,97.441998810232
BMW 330e,1.0,97.4538964901844
BMW 320is,1.0,97.46579417013682
Skoda 105L,1.0,97.47769185008923
MEV Rocket,1.0,97.48958953004164
Suzuki Sidekick,1.0,97.50148720999405
Audi e-Tron GT,1.0,97.51338488994647
Volkswagen Golf Sportwagen,1.0,97.52528256989888
Smart Fortwo,1.0,97.53718024985127
Nissan Pulsar,1.0,97.54907792980369
Lexus LS 500,1.0,97.5609756097561
BMW 535d,1.0,97.57287328970851
Mercedes-Benz 380SE,1.0,97.58477096966092
Fiat Barchetta,1.0,97.59666864961332
Autozam AZ-3,1.0,97.60856632956573
Nissan Largo,1.0,97.62046400951814
Audi Quattro,1.0,97.63236168947054
Lincoln Mark VI,1.0,97.64425936942295
Mitsubishi Chariot,1.0,97.65615704937537
Lexus RC 350,1.0,97.66805472932778
Mercedes-Benz Metris,1.0,97.67995240928019
Nissan Serena,1.0,97.6918500892326
Mercedes-Benz 600SL,1.0,97.70374776918501
Mercedes-Benz E420,1.0,97.71564544913743
BMW 728i,1.0,97.72754312908982
Mitsuoka Le-Seyde,1.0,97.73944080904224
Nissan Avenir,1.0,97.75133848899465
Ford Falcon,1.0,97.76323616894706
Lamborghini Countach,1.0,97.77513384889946
Suspensions Unlimited Sand Pro 2,1.0,97.78703152885187
Lexus GS 430,1.0,97.79892920880428
Acura TSX,1.0,97.8108268887567
Cadillac ELR,1.0,97.82272456870909
Chrysler Laser,1.0,97.8346222486615
Mercedes-Benz 300SEL,1.0,97.84651992861392
Audi SQ7,1.0,97.85841760856633
Cadillac ATS,1.0,97.87031528851874
Aston Martin DB11,1.0,97.88221296847115
Rover SD1,1.0,97.89411064842356
Dodge Daytona,1.0,97.90600832837598
Mercedes-Benz 230E,1.0,97.91790600832839
Maybach 62,1.0,97.92980368828078
Mercedes-Benz 500SEL,1.0,97.9417013682332
Ferrari Mondial,1.0,97.95359904818561
Cadillac Brougham,1.0,97.965496728138
Lincoln LS,1.0,97.97739440809042
Fiat 126p,1.0,97.98929208804283
Toyota Corona,1.0,98.00118976799524
Nissan Titan,1.0,98.01308744794765
BMW 325es,1.0,98.02498512790005
Mercedes-Benz E50 AMG,1.0,98.03688280785246
Mercedes-Benz CLS500,1.0,98.04878048780488
Volkswagen Quantum,1.0,98.06067816775729
Mitsubishi Mighty Max,1.0,98.0725758477097
Dodge Sprinter,1.0,98.08447352766211
Jaguar I-Pace,1.0,98.09637120761452
Volvo XC90,1.0,98.10826888756694
Mercedes-Benz C240,1.0,98.12016656751933
Nissan Be-1,1.0,98.13206424747175
Citroen Xantia,1.0,98.14396192742414
Lexus ES 330,1.0,98.15585960737656
Ford F-100,1.0,98.16775728732897
Mitsubishi Libero,1.0,98.17965496728138
Beck Spyder,1.0,98.19155264723379
Lexus LX 600,1.0,98.2034503271862
Lincoln Mark VIII,1.0,98.2153480071386
Oldsmobile Custom Cruiser,1.0,98.22724568709101
Lexus IS 350,1.0,98.23914336704343
Toyota TownAce,1.0,98.25104104699584
BMW Alpina B6 2.8,1.0,98.26293872694825
Honda Acty,1.0,98.27483640690066
Oldsmobile Aurora,1.0,98.28673408685307
Jeep Pickup,1.0,98.29863176680547
Volkswagen Cabriolet,1.0,98.31052944675788
Pontiac Bonneville,1.0,98.3224271267103
BMW Alpina B5,1.0,98.33432480666269
Nissan March,1.0,98.3462224866151
AM General M1097A2,1.0,98.35812016656752
GMC Syclone,1.0,98.37001784651993
Audi 90,1.0,98.38191552647234
Pontiac Vibe,1.0,98.39381320642475
Ferrari 456,1.0,98.40571088637715
BMW 335d,1.0,98.41760856632956
GMC Canyon,1.0,98.42950624628197
Porsche 924,1.0,98.44140392623439
Buick LeSabre,1.0,98.4533016061868
Volvo S40,1.0,98.46519928613921
Brunton Stalker,1.0,98.47709696609161
Mercedes-Benz 500E,1.0,98.48899464604402
BAC Mono,1.0,98.50089232599643
Hummer H3,1.0,98.51279000594883
Freightliner Sprinter,1.0,98.52468768590124
Ford Aerostar,1.0,98.53658536585365
Mercedes-Benz 300SL,1.0,98.54848304580607
BMW M440i,1.0,98.56038072575848
BMW Alpina B3 3.3,1.0,98.57227840571089
Toyota Aristo,1.0,98.5841760856633
Toyota Tercel,1.0,98.59607376561571
Lincoln Mark VII,1.0,98.60797144556811
Acura RDX,1.0,98.61986912552052
Iveco 40.10,1.0,98.63176680547294
Chevrolet R10,1.0,98.64366448542535
E-One Pumper,1.0,98.65556216537776
Mitsubishi Strada,1.0,98.66745984533016
Cadillac Allante,1.0,98.67935752528257
Mercedes-Benz E350 Bluetec,1.0,98.69125520523498
Lexus GS F,1.0,98.70315288518738
BMW M850i,1.0,98.71505056513979
Mercedes-Benz R350,1.0,98.7269482450922
Buick Park Avenue,1.0,98.73884592504461
Acura RL,1.0,98.75074360499703
Toyota Prius,1.0,98.76264128494944
Nissan 180SX,1.0,98.77453896490185
Lincoln Continental,1.0,98.78643664485426
Volvo XC60,1.0,98.79833432480666
Toyota Cressida,1.0,98.81023200475907
Ford Probe,1.0,98.82212968471148
Alfa Romeo Milano,1.0,98.8340273646639
Mercedes-Benz SL350,1.0,98.8459250446163
BMW 440i,1.0,98.8578227245687
Ariel Atom,1.0,98.86972040452112
Subaru XT,1.0,98.88161808447353
Nissan Atlas,1.0,98.89351576442593
Mercedes-Benz 230TE,1.0,98.90541344437834
Rolls-Royce Silver Spirit,1.0,98.91731112433075
Exomotive Exocet,1.0,98.92920880428316
Mercedes-Benz 420SEL,1.0,98.94110648423558
Nissan Laurel,1.0,98.95300416418799
CAV GT,1.0,98.9649018441404
Isuzu Rodeo,1.0,98.97679952409281
Mercedes-Benz E43 AMG,1.0,98.98869720404521
Renault Alliance,1.0,99.00059488399762
Fiat Spider,1.0,99.01249256395003
Mercedes-Benz GL350 BlueTEC,1.0,99.02439024390245
Audi 100,1.0,99.03628792385484
Mercedes-Benz 1222,1.0,99.04818560380726
Infiniti FX50,1.0,99.06008328375967
Mercedes-Benz SLK350,1.0,99.07198096371208
Freightliner Sportchassis,1.0,99.08387864366448
Aston Martin V8 Volante,1.0,99.09577632361689
Aston Martin V12 Vantage,1.0,99.1076740035693
Volvo 850,1.0,99.11957168352171
Ferrari 550,1.0,99.13146936347412
WaterCar Panther,1.0,99.14336704342654
Land Rover LR3,1.0,99.15526472337895
Dodge Caravan,1.0,99.16716240333136
Honda Civic Type R,1.0,99.17906008328376
Ford Freda,1.0,99.19095776323617
McLaren 720S,1.0,99.20285544318858
Lamborghini Murcielago,1.0,99.21475312314098
AC 3000ME,1.0,99.22665080309339
Hyundai Genesis,1.0,99.2385484830458
Toyota Previa,1.0,99.25044616299822
Land Rover Series III,1.0,99.26234384295063
Mitsubishi Fuso,1.0,99.27424152290303
Infiniti M56,1.0,99.28613920285544
Land Rover Freelander,1.0,99.29803688280785
Ferrari 430 Scuderia,1.0,99.30993456276026
Mercedes-Benz C250,1.0,99.32183224271267
Nissan Terrano,1.0,99.33372992266509
Isuzu Fargo,1.0,99.3456276026175
Hyundai Santa Cruz,1.0,99.35752528256991
Nissan Z,1.0,99.36942296252231
Volvo 760,1.0,99.38132064247472
Genesis GV60,1.0,99.39321832242712
Mercedes-Benz GLE450,1.0,99.40511600237953
Nissan Stagea,1.0,99.41701368233194
Toyota Matrix,1.0,99.42891136228435
Cadillac DTS,1.0,99.44080904223676
Mercedes-Benz 400SEL,1.0,99.45270672218918
Nissan Patrol,1.0,99.46460440214159
BMW L6,1.0,99.47650208209399
Hyundai Elantra,1.0,99.4883997620464
Mazda Mazdaspeed 6,1.0,99.50029744199881
Saab 9000,1.0,99.51219512195122
Toyota Sienna,1.0,99.52409280190363
Jaguar XFR,1.0,99.53599048185605
Toyota HiMedic,1.0,99.54788816180844
Peugeot 306,1.0,99.55978584176086
Audi e-Tron,1.0,99.57168352171325
Subaru Crosstrek,1.0,99.58358120166567
Mercedes-Benz 300TE,1.0,99.59547888161808
Isuzu Space Cab,1.0,99.60737656157049
Volkswagen Type 2,1.0,99.6192742415229
Mercedes-Benz 240D,1.0,99.63117192147531
Toyota Chaser,1.0,99.64306960142773
Dodge Neon SRT-4,1.0,99.65496728138014
Ferrari FF,1.0,99.66686496133254
UAZ 469,1.0,99.67876264128495
Mercedes-Benz S550e,1.0,99.69066032123736
Lexus LS 600hL,1.0,99.70255800118977
Lexus IS 250,1.0,99.71445568114218
Subaru Domingo,1.0,99.7263533610946
Lancia Delta Integrale,1.0,99.738251041047
Dodge Intrepid,1.0,99.7501487209994
GMC TopKick,1.0,99.7620464009518
Mercedes-Benz SLK32 AMG,1.0,99.77394408090422
Mercedes-Benz ML550,1.0,99.78584176085663
GMC Vandura,1.0,99.79773944080904
Mercedes-Benz ML350,1.0,99.80963712076145
Toyota Coaster,1.0,99.82153480071386
Mercedes-Benz G300 TD,1.0,99.83343248066627
Mercedes-Benz R320 CDI,1.0,99.84533016061869
Chrysler Conquest,1.0,99.85722784057108
Chrysler Prowler,1.0,99.8691255205235
GMC Envoy,1.0,99.88102320047591
BMW M760i,1.0,99.89292088042832
BMW 640i,1.0,99.90481856038073
Oldsmobile Calais Supreme,1.0,99.91671624033313
Mercedes-Benz 190D,1.0,99.92861392028554
Maybach 57,1.0,99.94051160023795
BMW X7,1.0,99.95240928019035
Mitsubishi Minicab,1.0,99.96430696014276
Mercedes-Benz 320TE,1.0,99.97620464009518
Nissan Maxima,1.0,99.98810232004759
Pontiac Aztek,1.0,100.0
